material1,material2,pred_temp,weights
Sc3+,Ag1+,[23.89291304],[0.6 0.4]
Ag1+,U6+,[22.56447341],[0.6 0.4]
Ag1+,Pu4+,[22.38246753],[0.6 0.4]
Be2+,Al3+,[21.65588134],[0.6 0.4]
Ca2+,Rb1+,[20.91985933],[0.6 0.4]
Ca2+,Fr1+,[20.88360072],[0.6 0.4]
Ti4+,Rb1+,[20.75003834],[0.6 0.4]
Sc3+,Rb1+,[20.64774669],[0.6 0.4]
Sc3+,Fr1+,[20.59543949],[0.6 0.4]
Na1+,Fr1+,[20.51588466],[0.6 0.4]
Li1+,K1+,[20.3300916],[0.6 0.4]
Y3+,Cs1+,[20.20880094],[0.6 0.4]
Al3+,Te2+,[20.16021649],[0.6 0.4]
Rb1+,Cs1+,[20.10802777],[0.6 0.4]
Li1+,Ca2+,[20.07294522],[0.6 0.4]
Ca2+,Sr2+,[19.9161118],[0.6 0.4]
Mg2+,Sr2+,[19.91392565],[0.6 0.4]
Si4+,Ga3+,[19.91004265],[0.6 0.4]
Al3+,Sb3+,[19.90099203],[0.6 0.4]
Li1+,Al3+,[19.87285122],[0.6 0.4]
Li1+,Na1+,[19.82394656],[0.6 0.4]
Rb1+,Fr1+,[19.76852946],[0.6 0.4]
Na1+,Ra2+,[19.70636922],[0.6 0.4]
K1+,Fr1+,[19.6773125],[0.6 0.4]
Ti4+,Ag1+,[19.65481848],[0.6 0.4]
Na1+,K1+,[19.65310139],[0.6 0.4]
Sr2+,Cs1+,[19.62879825],[0.6 0.4]
K1+,Rb1+,[19.61797297],[0.6 0.4]
Sr2+,Fr1+,[19.59096538],[0.6 0.4]
Al3+,Ga3+,[19.5185453],[0.6 0.4]
Na1+,Ca2+,[19.51438369],[0.6 0.4]
Ba2+,Fr1+,[19.46216389],[0.6 0.4]
K1+,Cs1+,[19.45364162],[0.6 0.4]
Be2+,Ga3+,[19.39485728],[0.6 0.4]
Na1+,Sr2+,[19.38798815],[0.6 0.4]
Na1+,Rb1+,[19.38387617],[0.6 0.4]
Sc3+,Y3+,[19.3671642],[0.6 0.4]
K1+,Ba2+,[19.28366488],[0.6 0.4]
Zr4+,Fr1+,[19.27718194],[0.6 0.4]
Si4+,Te2+,[19.27098285],[0.6 0.4]
Ce3+,Fr1+,[19.20800212],[0.6 0.4]
Zr4+,Cs1+,[19.19718529],[0.6 0.4]
V5+,Sr2+,[19.16425006],[0.6 0.4]
Sc3+,Sr2+,[19.15796837],[0.6 0.4]
Ti4+,Ce3+,[19.15762992],[0.6 0.4]
Sc3+,Ra2+,[19.14609943],[0.6 0.4]
Eu3+,Fr1+,[19.13855692],[0.6 0.4]
La3+,Fr1+,[19.12265618],[0.6 0.4]
Nb5+,Cs1+,[19.12246133],[0.6 0.4]
Mn2+,Sr2+,[19.09663833],[0.6 0.4]
Ti4+,Ra2+,[19.09346011],[0.6 0.4]
Gd3+,Fr1+,[19.08445453],[0.6 0.4]
Pr3+,Fr1+,[19.06189236],[0.6 0.4]
Al3+,Zn2+,[19.03529452],[0.6 0.4]
Al3+,Ti4+,[19.01921125],[0.6 0.4]
Sc3+,Ba2+,[19.01742617],[0.6 0.4]
Y3+,Fr1+,[19.01245085],[0.6 0.4]
Li1+,Ti4+,[18.96219842],[0.6 0.4]
Tb3+,Fr1+,[18.94771981],[0.6 0.4]
Li1+,Ra2+,[18.93049372],[0.6 0.4]
Sm3+,Fr1+,[18.91423575],[0.6 0.4]
Si4+,Sn2+,[18.91148974],[0.6 0.4]
Ti4+,La3+,[18.86777211],[0.6 0.4]
Nd3+,Fr1+,[18.81515805],[0.6 0.4]
Ti4+,Eu3+,[18.81135738],[0.6 0.4]
Be2+,Po2+,[18.8108611],[0.6 0.4]
Pm3+,Fr1+,[18.80680922],[0.6 0.4]
Si4+,Mn2+,[18.80201377],[0.6 0.4]
La3+,Ra2+,[18.77852641],[0.6 0.4]
Al3+,Cr3+,[18.76409934],[0.6 0.4]
Sc3+,Zr4+,[18.75631927],[0.6 0.4]
Ti4+,Y3+,[18.75408659],[0.6 0.4]
Mg2+,Ra2+,[18.7455112],[0.6 0.4]
Ca2+,Ba2+,[18.74460283],[0.6 0.4]
Y3+,Ra2+,[18.73632552],[0.6 0.4]
K1+,Pr3+,[18.73614561],[0.6 0.4]
Si4+,In3+,[18.73071059],[0.6 0.4]
Li1+,V5+,[18.723619],[0.6 0.4]
Sc3+,La3+,[18.70756996],[0.6 0.4]
Ag1+,Np5+,[18.70075482],[0.6 0.4]
Be2+,In3+,[18.69803734],[0.6 0.4]
Li1+,Er3+,[18.69237562],[0.6 0.4]
Na1+,Er3+,[18.69134082],[0.6 0.4]
Mg2+,Sc3+,[18.68419953],[0.6 0.4]
Al3+,Mn2+,[18.62702966],[0.6 0.4]
Si4+,Cd2+,[18.60137015],[0.6 0.4]
Sr2+,Ba2+,[18.60108695],[0.6 0.4]
Al3+,In3+,[18.55129277],[0.6 0.4]
Si4+,Zn2+,[18.54578392],[0.6 0.4]
Yb3+,Fr1+,[18.52024269],[0.6 0.4]
Ti4+,Zr4+,[18.50585845],[0.6 0.4]
V5+,Ba2+,[18.49970177],[0.6 0.4]
Be2+,Te2+,[18.48171306],[0.6 0.4]
Na1+,Ba2+,[18.46490976],[0.6 0.4]
Y3+,Eu3+,[18.45090713],[0.6 0.4]
Sc3+,Eu3+,[18.449745],[0.6 0.4]
Be2+,Na1+,[18.43924543],[0.6 0.4]
Li1+,Mg2+,[18.43261873],[0.6 0.4]
Ti4+,Pr3+,[18.42611323],[0.6 0.4]
Li1+,Zr4+,[18.42581599],[0.6 0.4]
Sr2+,Eu3+,[18.42412557],[0.6 0.4]
V5+,Y3+,[18.40886264],[0.6 0.4]
Sr2+,Pr3+,[18.39943356],[0.6 0.4]
Zr4+,Ba2+,[18.38548857],[0.6 0.4]
Sc3+,Tb3+,[18.37831844],[0.6 0.4]
Sr2+,Dy3+,[18.37249943],[0.6 0.4]
Na1+,Zr4+,[18.36912803],[0.6 0.4]
V5+,Ra2+,[18.35569543],[0.6 0.4]
Li1+,Sc3+,[18.33059088],[0.6 0.4]
Li1+,Ac3+,[18.31542542],[0.6 0.4]
Y3+,Ba2+,[18.29643372],[0.6 0.4]
Y3+,Yb3+,[18.27947493],[0.6 0.4]
Na1+,Y3+,[18.27042268],[0.6 0.4]
Na1+,Pr3+,[18.26403572],[0.6 0.4]
Ca2+,Nb5+,[18.25787463],[0.6 0.4]
Be2+,Sb3+,[18.23698339],[0.6 0.4]
Al3+,Sn2+,[18.21191439],[0.6 0.4]
Na1+,Yb3+,[18.18758903],[0.6 0.4]
Sc3+,Gd3+,[18.18313885],[0.6 0.4]
Sr2+,Tb3+,[18.17918945],[0.6 0.4]
Li1+,Lu3+,[18.17233603],[0.6 0.4]
Sc3+,Nd3+,[18.17198139],[0.6 0.4]
Na1+,Nd3+,[18.15095384],[0.6 0.4]
Ti4+,Ba2+,[18.1392157],[0.6 0.4]
Ca2+,Ra2+,[18.13679588],[0.6 0.4]
Y3+,Pr3+,[18.13633342],[0.6 0.4]
Al3+,V5+,[18.13227711],[0.6 0.4]
Cr3+,Sr2+,[18.12048416],[0.6 0.4]
Al3+,Fe3+,[18.11777164],[0.6 0.4]
Ti4+,Yb3+,[18.08617392],[0.6 0.4]
Sc3+,Pr3+,[18.08278854],[0.6 0.4]
Li1+,Nd3+,[18.07946433],[0.6 0.4]
Na1+,Pm3+,[18.07845659],[0.6 0.4]
Mg2+,Y3+,[18.05293811],[0.6 0.4]
Na1+,Lu3+,[18.05221111],[0.6 0.4]
Be2+,Cr3+,[18.03671458],[0.6 0.4]
Na1+,Sm3+,[18.02201441],[0.6 0.4]
Ti4+,Sr2+,[18.01418008],[0.6 0.4]
Mg2+,Ti4+,[18.0112789],[0.6 0.4]
Li1+,Sm3+,[17.99253227],[0.6 0.4]
Na1+,Mo4+,[17.99123192],[0.6 0.4]
Sr2+,Gd3+,[17.98369399],[0.6 0.4]
Sc3+,Sm3+,[17.98345629],[0.6 0.4]
Sc3+,Pm3+,[17.97721039],[0.6 0.4]
Li1+,Pm3+,[17.97267854],[0.6 0.4]
Na1+,Eu3+,[17.97108284],[0.6 0.4]
Li1+,Pr3+,[17.93038581],[0.6 0.4]
Sr2+,Sm3+,[17.91400112],[0.6 0.4]
Ca2+,Y3+,[17.88532763],[0.6 0.4]
Li1+,Sr2+,[17.87951025],[0.6 0.4]
Mg2+,Nb5+,[17.84006007],[0.6 0.4]
Li1+,Eu3+,[17.81133037],[0.6 0.4]
Mg2+,Cu2+,[17.80892242],[0.6 0.4]
Li1+,Y3+,[17.80199916],[0.6 0.4]
Li1+,Si4+,[17.80156659],[0.6 0.4]
Na1+,Nb5+,[17.78922437],[0.6 0.4]
Fe3+,Sr2+,[17.78690329],[0.6 0.4]
Ca2+,Zr4+,[17.76649838],[0.6 0.4]
Li1+,Ce3+,[17.73861924],[0.6 0.4]
Li1+,La3+,[17.73612633],[0.6 0.4]
Li1+,Yb3+,[17.73553515],[0.6 0.4]
Mg2+,Ca2+,[17.70021853],[0.6 0.4]
Sc3+,Yb3+,[17.69564489],[0.6 0.4]
Na1+,Ho3+,[17.6597236],[0.6 0.4]
Li1+,Gd3+,[17.61927708],[0.6 0.4]
Li1+,Be2+,[17.60383068],[0.6 0.4]
Mg2+,Fe3+,[17.57237607],[0.6 0.4]
Na1+,Tm3+,[17.56401824],[0.6 0.4]
Li1+,Ho3+,[17.5312649],[0.6 0.4]
Sr2+,Yb3+,[17.49658922],[0.6 0.4]
Mg2+,La3+,[17.48727195],[0.6 0.4]
Be2+,Sn2+,[17.48334142],[0.6 0.4]
Li1+,Mo4+,[17.47738626],[0.6 0.4]
Mg2+,Co3+,[17.41724503],[0.6 0.4]
Na1+,Gd3+,[17.4097482],[0.6 0.4]
Ca2+,Eu3+,[17.40589069],[0.6 0.4]
Li1+,Nb5+,[17.37517865],[0.6 0.4]
Li1+,Tm3+,[17.37076511],[0.6 0.4]
Mg2+,V5+,[17.34001441],[0.6 0.4]
Mg2+,Ni2+,[17.32482582],[0.6 0.4]
Na1+,Tb3+,[17.31338187],[0.6 0.4]
Be2+,Cd2+,[17.29732668],[0.6 0.4]
Li1+,Dy3+,[17.27029286],[0.6 0.4]
Be2+,Mn2+,[17.2678595],[0.6 0.4]
Li1+,Tb3+,[17.23946933],[0.6 0.4]
Na1+,Dy3+,[17.20060681],[0.6 0.4]
Ca2+,Yb3+,[17.18807026],[0.6 0.4]
Si4+,Sb3+,[17.09543922],[0.6 0.4]
Si4+,Fe3+,[16.95082578],[0.6 0.4]
Ca2+,Tm3+,[16.94796273],[0.6 0.4]
Mg2+,Ce3+,[16.93519655],[0.6 0.4]
Mg2+,Pm3+,[16.91313032],[0.6 0.4]
Al3+,Cd2+,[16.90277059],[0.6 0.4]
Mg2+,Nd3+,[16.88450872],[0.6 0.4]
Mg2+,Mn2+,[16.86657485],[0.6 0.4]
Ca2+,Er3+,[16.82610448],[0.6 0.4]
La3+,Eu3+,[16.7984471],[0.6 0.4]
Mg2+,Zr4+,[16.79027481],[0.6 0.4]
V5+,Eu3+,[16.78838781],[0.6 0.4]
Mg2+,In3+,[16.78309073],[0.6 0.4]
Ca2+,Ho3+,[16.78181532],[0.6 0.4]
Be2+,Fe3+,[16.77197197],[0.6 0.4]
Mg2+,Sn2+,[16.73077276],[0.6 0.4]
Mg2+,Cr3+,[16.65858146],[0.6 0.4]
Be2+,Ni2+,[16.64473484],[0.6 0.4]
Be2+,Cu2+,[16.63770437],[0.6 0.4]
Ca2+,Gd3+,[16.62753494],[0.6 0.4]
Ca2+,Dy3+,[16.61283775],[0.6 0.4]
Sr2+,Ho3+,[16.6115526],[0.6 0.4]
Ca2+,Pr3+,[16.54662104],[0.6 0.4]
Ca2+,Pm3+,[16.50536128],[0.6 0.4]
Ca2+,Sm3+,[16.48658341],[0.6 0.4]
Ca2+,Nd3+,[16.4698724],[0.6 0.4]
Ca2+,Tb3+,[16.46077807],[0.6 0.4]
Be2+,Zn2+,[16.44424705],[0.6 0.4]
Si4+,Cr3+,[16.30765218],[0.6 0.4]
Si4+,Cu2+,[16.27689823],[0.6 0.4]
Be2+,Co3+,[16.26588957],[0.6 0.4]
Dy3+,Fr1+,[16.14818812],[0.6 0.4]
Mg2+,Cd2+,[15.9460231],[0.6 0.4]
Mn2+,Ag1+,[15.55544492],[0.6 0.4]
Ca2+,Lu3+,[15.28960993],[0.6 0.4]
Si4+,Co3+,[14.99457524],[0.6 0.4]
Si4+,Ni2+,[14.15050239],[0.6 0.4]
Nb5+,Sn2+,[13.33690502],[0.6 0.4]
Ag1+,Fr1+,[13.24198428],[0.6 0.4]
Ag1+,Ba2+,[13.22850555],[0.6 0.4]
Ga3+,Ag1+,[12.4199944],[0.6 0.4]
Mo4+,Tc4+,[11.5193282],[0.6 0.4]
Al3+,Nb5+,[11.25900895],[0.6 0.4]
K1+,Os4+,[10.84743929],[0.6 0.4]
Ti4+,Nb5+,[10.81239438],[0.6 0.4]
Ga3+,Nb5+,[10.63716519],[0.6 0.4]
Zr4+,Tc4+,[10.47119263],[0.6 0.4]
Rb1+,Pd4+,[10.42851405],[0.6 0.4]
Ga3+,Cd2+,[10.19403672],[0.6 0.4]
Ti4+,Tc4+,[10.18761955],[0.6 0.4]
Zr4+,Nb5+,[10.17817318],[0.6 0.4]
Co3+,Pd4+,[10.03432128],[0.6 0.4]
Be2+,Bi3+,[9.96663158],[0.6 0.4]
Si4+,V5+,[9.95216447],[0.6 0.4]
Be2+,Mg2+,[9.91097015],[0.6 0.4]
V5+,Tc4+,[9.89773524],[0.6 0.4]
K1+,Ta5+,[9.87416104],[0.6 0.4]
Rb1+,Tc4+,[9.76982995],[0.6 0.4]
K1+,Re4+,[9.74832212],[0.6 0.4]
Ni2+,Te2+,[9.74781027],[0.6 0.4]
Nb5+,Hf4+,[9.74705845],[0.6 0.4]
K1+,W6+,[9.7328691],[0.6 0.4]
Rb1+,Mo4+,[9.70583089],[0.6 0.4]
Fe3+,Pd4+,[9.66776003],[0.6 0.4]
Li1+,Tl1+,[9.62551055],[0.6 0.4]
Mn2+,Er3+,[9.59186138],[0.6 0.4]
Sc3+,Tc4+,[9.51823187],[0.6 0.4]
Si4+,Fr1+,[9.50366022],[0.6 0.4]
Zn2+,Sm3+,[9.48590884],[0.6 0.4]
Rb1+,Ru3+,[9.46228487],[0.6 0.4]
Co3+,Te2+,[9.44006382],[0.6 0.4]
Rb1+,Rh3+,[9.35710455],[0.6 0.4]
Mo4+,Re4+,[9.34623494],[0.6 0.4]
K1+,Pd4+,[9.29591006],[0.6 0.4]
Be2+,Ag1+,[9.25283221],[0.6 0.4]
Rb1+,Ag1+,[9.20987592],[0.6 0.4]
Fe3+,Ho3+,[9.17330421],[0.6 0.4]
Ga3+,Mo4+,[9.15729727],[0.6 0.4]
Na1+,Os4+,[9.11462773],[0.6 0.4]
Na1+,W6+,[9.11173971],[0.6 0.4]
K1+,Ru3+,[9.09098375],[0.6 0.4]
Y3+,Nb5+,[9.05271572],[0.6 0.4]
Sc3+,Hf4+,[9.0396381],[0.6 0.4]
Nb5+,Tc4+,[9.02383315],[0.6 0.4]
Zn2+,Pm3+,[8.88921868],[0.6 0.4]
Sc3+,Co3+,[8.85330533],[0.6 0.4]
K1+,Rh3+,[8.85277449],[0.6 0.4]
Nb5+,Cd2+,[8.80220122],[0.6 0.4]
Sc3+,Ni2+,[8.78184975],[0.6 0.4]
Ga3+,Sn2+,[8.73227981],[0.6 0.4]
K1+,Tc4+,[8.7204881],[0.6 0.4]
Zr4+,Ag1+,[8.69363188],[0.6 0.4]
Tc4+,Ru3+,[8.68043719],[0.6 0.4]
Cu2+,Te2+,[8.58800229],[0.6 0.4]
Li1+,Np5+,[8.57522225],[0.6 0.4]
V5+,Nb5+,[8.56767117],[0.6 0.4]
Ni2+,Ru3+,[8.56293593],[0.6 0.4]
Ga3+,In3+,[8.555436],[0.6 0.4]
Li1+,Ta5+,[8.48468947],[0.6 0.4]
Ti4+,Hf4+,[8.47525665],[0.6 0.4]
Mn2+,Te2+,[8.42588955],[0.6 0.4]
Al3+,Po2+,[8.40172655],[0.6 0.4]
Mo4+,W6+,[8.40080651],[0.6 0.4]
Sc3+,Dy3+,[8.34995091],[0.6 0.4]
Zr4+,Rh3+,[8.33612805],[0.6 0.4]
Ga3+,Ce3+,[8.32589629],[0.6 0.4]
Mn2+,Ho3+,[8.31820666],[0.6 0.4]
Li1+,Pb2+,[8.30090893],[0.6 0.4]
Pb2+,Bi3+,[8.28266754],[0.6 0.4]
V5+,Zr4+,[8.27488514],[0.6 0.4]
V5+,Er3+,[8.26216609],[0.6 0.4]
V5+,Ga3+,[8.2572447],[0.6 0.4]
Y3+,Ag1+,[8.24688432],[0.6 0.4]
Cr3+,Er3+,[8.23517154],[0.6 0.4]
Na1+,Rh3+,[8.22700717],[0.6 0.4]
Sr2+,Mo4+,[8.21656102],[0.6 0.4]
Sr2+,Ru3+,[8.19576086],[0.6 0.4]
Y3+,Pd4+,[8.17166093],[0.6 0.4]
Ga3+,Pm3+,[8.15808537],[0.6 0.4]
Mg2+,Bi3+,[8.15656624],[0.6 0.4]
Nb5+,In3+,[8.13774187],[0.6 0.4]
Ti4+,Er3+,[8.13240875],[0.6 0.4]
Zr4+,Ra2+,[8.12859508],[0.6 0.4]
Sc3+,Nb5+,[8.12074677],[0.6 0.4]
Sc3+,Pd4+,[8.11084903],[0.6 0.4]
Li1+,Ru3+,[8.10979718],[0.6 0.4]
Ti4+,Nd3+,[8.07676553],[0.6 0.4]
Mn2+,Gd3+,[8.06822163],[0.6 0.4]
Ti4+,Lu3+,[8.05537186],[0.6 0.4]
Ga3+,Nd3+,[8.05111912],[0.6 0.4]
Na1+,Ta5+,[8.05090328],[0.6 0.4]
Ga3+,Tc4+,[8.03656739],[0.6 0.4]
Zn2+,Pr3+,[8.03473807],[0.6 0.4]
V5+,Ho3+,[8.01888435],[0.6 0.4]
Mg2+,Au3+,[8.01178539],[0.6 0.4]
Ag1+,Pr3+,[8.00098324],[0.6 0.4]
Na1+,Tl1+,[7.99545362],[0.6 0.4]
Ga3+,La3+,[7.9919324],[0.6 0.4]
Y3+,Mo4+,[7.97537306],[0.6 0.4]
Ag1+,Sm3+,[7.97286052],[0.6 0.4]
Be2+,Si4+,[7.95692728],[0.6 0.4]
V5+,Dy3+,[7.94835264],[0.6 0.4]
Ni2+,Zr4+,[7.94637222],[0.6 0.4]
Ga3+,Pr3+,[7.9262626],[0.6 0.4]
Li1+,Re4+,[7.92567576],[0.6 0.4]
K1+,Ir3+,[7.90580457],[0.6 0.4]
Na1+,Pb2+,[7.89923229],[0.6 0.4]
Mg2+,Ag1+,[7.8689233],[0.6 0.4]
Li1+,Tc4+,[7.86338137],[0.6 0.4]
Mo4+,Ru3+,[7.86175327],[0.6 0.4]
Y3+,Pm3+,[7.85342471],[0.6 0.4]
Sr2+,Tc4+,[7.84590097],[0.6 0.4]
Sc3+,Tm3+,[7.84077056],[0.6 0.4]
Li1+,Hf4+,[7.83626461],[0.6 0.4]
Sc3+,Er3+,[7.82122849],[0.6 0.4]
Zr4+,Ru3+,[7.81864387],[0.6 0.4]
Cr3+,In3+,[7.79534407],[0.6 0.4]
Sc3+,Lu3+,[7.78635681],[0.6 0.4]
Ti4+,Cr3+,[7.76387909],[0.6 0.4]
Ag1+,Ce3+,[7.72632096],[0.6 0.4]
Si4+,Po2+,[7.7209461],[0.6 0.4]
Zr4+,Lu3+,[7.70378886],[0.6 0.4]
Cr3+,Tm3+,[7.68610407],[0.6 0.4]
Mo4+,Ta5+,[7.68228923],[0.6 0.4]
Sc3+,Ho3+,[7.65360778],[0.6 0.4]
Ni2+,Sr2+,[7.64464544],[0.6 0.4]
Co3+,Gd3+,[7.63651475],[0.6 0.4]
Cr3+,Ho3+,[7.63346378],[0.6 0.4]
Cr3+,Zr4+,[7.63201955],[0.6 0.4]
Nb5+,Ir3+,[7.62498476],[0.6 0.4]
Fe3+,Dy3+,[7.61368327],[0.6 0.4]
Li1+,W6+,[7.60966553],[0.6 0.4]
V5+,Gd3+,[7.60189284],[0.6 0.4]
Zr4+,Hf4+,[7.59852285],[0.6 0.4]
Fe3+,Gd3+,[7.59477205],[0.6 0.4]
Li1+,Pa5+,[7.57041801],[0.6 0.4]
V5+,Tm3+,[7.56886247],[0.6 0.4]
Co3+,Sr2+,[7.56731006],[0.6 0.4]
V5+,In3+,[7.55427891],[0.6 0.4]
Mn2+,Dy3+,[7.55285941],[0.6 0.4]
Ca2+,Hf4+,[7.55134845],[0.6 0.4]
Sr2+,Lu3+,[7.54331705],[0.6 0.4]
Na1+,Ru3+,[7.53179599],[0.6 0.4]
Ti4+,Ho3+,[7.52369225],[0.6 0.4]
Co3+,Zr4+,[7.51718972],[0.6 0.4]
Sr2+,Tm3+,[7.51191773],[0.6 0.4]
Mn2+,Pd4+,[7.50884308],[0.6 0.4]
Na1+,Tc4+,[7.50378888],[0.6 0.4]
Ga3+,Zr4+,[7.47312792],[0.6 0.4]
Ca2+,Mo4+,[7.45659126],[0.6 0.4]
V5+,Yb3+,[7.44203816],[0.6 0.4]
Tc4+,W6+,[7.43677595],[0.6 0.4]
Ca2+,Ru3+,[7.4276521],[0.6 0.4]
Ag1+,Eu3+,[7.42533117],[0.6 0.4]
Ga3+,Ru3+,[7.41788647],[0.6 0.4]
Mn2+,Tb3+,[7.39376149],[0.6 0.4]
Li1+,U6+,[7.38215661],[0.6 0.4]
Co3+,Tb3+,[7.37026743],[0.6 0.4]
Ag1+,Dy3+,[7.3679757],[0.6 0.4]
Na1+,Hf4+,[7.36462541],[0.6 0.4]
Ag1+,Gd3+,[7.36030443],[0.6 0.4]
Li1+,Rh3+,[7.36008086],[0.6 0.4]
Zn2+,Eu3+,[7.35145518],[0.6 0.4]
Ag1+,Tb3+,[7.34633155],[0.6 0.4]
Fe3+,Tb3+,[7.34124511],[0.6 0.4]
Zr4+,In3+,[7.33699418],[0.6 0.4]
Li1+,Pd4+,[7.3280726],[0.6 0.4]
Li1+,Hg1+,[7.31668556],[0.6 0.4]
Sr2+,Er3+,[7.31195875],[0.6 0.4]
Be2+,Rb1+,[7.30681034],[0.6 0.4]
Li1+,Th4+,[7.29831598],[0.6 0.4]
Na1+,Re4+,[7.29412603],[0.6 0.4]
K1+,Au3+,[7.29109692],[0.6 0.4]
Ti4+,Tm3+,[7.28346517],[0.6 0.4]
Ni2+,Gd3+,[7.2725366],[0.6 0.4]
Na1+,Pd4+,[7.25028571],[0.6 0.4]
Mn2+,Tm3+,[7.2483756],[0.6 0.4]
K1+,Pt2+,[7.23087015],[0.6 0.4]
Al3+,Mo4+,[7.22483608],[0.6 0.4]
Al3+,Au3+,[7.2118331],[0.6 0.4]
V5+,Tb3+,[7.21181428],[0.6 0.4]
K1+,Hf4+,[7.19557159],[0.6 0.4]
Ag1+,Ho3+,[7.17740378],[0.6 0.4]
Zr4+,Pm3+,[7.1704446],[0.6 0.4]
Nd3+,Ra2+,[7.15001643],[0.6 0.4]
Ag1+,Pm3+,[7.14329361],[0.6 0.4]
Ti4+,Tb3+,[7.1334021],[0.6 0.4]
Be2+,Cs1+,[7.13260714],[0.6 0.4]
Mg2+,Cs1+,[7.12932054],[0.6 0.4]
Mn2+,Ni2+,[7.12493988],[0.6 0.4]
Ca2+,Cs1+,[7.12448797],[0.6 0.4]
Li1+,Os4+,[7.1240758],[0.6 0.4]
Co3+,Ni2+,[7.12067959],[0.6 0.4]
Nb5+,Pm3+,[7.11923378],[0.6 0.4]
Ag1+,Nd3+,[7.11221701],[0.6 0.4]
Tc4+,Rh3+,[7.0964983],[0.6 0.4]
Ti4+,Dy3+,[7.07403434],[0.6 0.4]
Mo4+,Ce3+,[7.06268535],[0.6 0.4]
Cr3+,Dy3+,[7.06261207],[0.6 0.4]
Nb5+,Nd3+,[7.03113184],[0.6 0.4]
Y3+,Lu3+,[7.02300018],[0.6 0.4]
Mn2+,Co3+,[7.02106876],[0.6 0.4]
Ag1+,Tm3+,[7.00931949],[0.6 0.4]
Zr4+,Nd3+,[6.99727015],[0.6 0.4]
Ag1+,Lu3+,[6.9937813],[0.6 0.4]
Na1+,Th4+,[6.98880889],[0.6 0.4]
Cr3+,Ga3+,[6.9727317],[0.6 0.4]
Cr3+,Tc4+,[6.97189462],[0.6 0.4]
Ag1+,La3+,[6.9678828],[0.6 0.4]
Ag1+,Er3+,[6.95376509],[0.6 0.4]
Pm3+,Ra2+,[6.95174703],[0.6 0.4]
Ag1+,Am3+,[6.91909321],[0.6 0.4]
Zn2+,In3+,[6.89504579],[0.6 0.4]
Y3+,In3+,[6.8672392],[0.6 0.4]
Mg2+,Fr1+,[6.86631468],[0.6 0.4]
Si4+,Cs1+,[6.86107217],[0.6 0.4]
Fe3+,Ni2+,[6.85453288],[0.6 0.4]
Mo4+,La3+,[6.84636031],[0.6 0.4]
Ti4+,Ru3+,[6.84413155],[0.6 0.4]
Sr2+,Rh3+,[6.83566867],[0.6 0.4]
Cu2+,Pd4+,[6.83032211],[0.6 0.4]
Li1+,Ba2+,[6.80053776],[0.6 0.4]
Al3+,Hf4+,[6.78390298],[0.6 0.4]
Y3+,Tm3+,[6.78336004],[0.6 0.4]
Cr3+,Nb5+,[6.77128051],[0.6 0.4]
Sr2+,Ag1+,[6.76728794],[0.6 0.4]
Ag1+,Hf4+,[6.76619884],[0.6 0.4]
Ca2+,Ag1+,[6.75907749],[0.6 0.4]
Nb5+,Mo4+,[6.758632],[0.6 0.4]
Al3+,Bi3+,[6.73774166],[0.6 0.4]
Cr3+,Y3+,[6.73479638],[0.6 0.4]
Mn2+,Sb3+,[6.72479408],[0.6 0.4]
Nd3+,Ta5+,[6.72226375],[0.6 0.4]
Nb5+,Au3+,[6.72010983],[0.6 0.4]
Al3+,Cu2+,[6.71610797],[0.6 0.4]
Fe3+,Er3+,[6.71561569],[0.6 0.4]
Li1+,Am3+,[6.71219567],[0.6 0.4]
Ag1+,Te2+,[6.69728677],[0.6 0.4]
Tc4+,Re4+,[6.6912908],[0.6 0.4]
Mn2+,Eu3+,[6.6869329],[0.6 0.4]
Cr3+,Gd3+,[6.67546996],[0.6 0.4]
Fe3+,Co3+,[6.66111912],[0.6 0.4]
Y3+,Nd3+,[6.66093579],[0.6 0.4]
Zn2+,Nd3+,[6.66064515],[0.6 0.4]
Ni2+,Sb3+,[6.65569591],[0.6 0.4]
Al3+,Rb1+,[6.6463703],[0.6 0.4]
Co3+,Mo4+,[6.64495954],[0.6 0.4]
Ti4+,V5+,[6.64080815],[0.6 0.4]
Tc4+,Sn2+,[6.62836242],[0.6 0.4]
Co3+,Sb3+,[6.6066678],[0.6 0.4]
Nb5+,Fr1+,[6.60339861],[0.6 0.4]
Al3+,Ag1+,[6.59643506],[0.6 0.4]
Na1+,Hg1+,[6.59368768],[0.6 0.4]
Eu3+,Yb3+,[6.58621361],[0.6 0.4]
V5+,Sm3+,[6.57900435],[0.6 0.4]
Ni2+,Dy3+,[6.57809689],[0.6 0.4]
Ti4+,Gd3+,[6.57797935],[0.6 0.4]
Ca2+,Th4+,[6.56606415],[0.6 0.4]
V5+,Ce3+,[6.56550564],[0.6 0.4]
Pm3+,Ta5+,[6.56345255],[0.6 0.4]
V5+,Lu3+,[6.56132911],[0.6 0.4]
Gd3+,Tb3+,[6.55539919],[0.6 0.4]
Nb5+,Ru3+,[6.54659018],[0.6 0.4]
Si4+,Ti4+,[6.54654299],[0.6 0.4]
Cr3+,Ru3+,[6.54542496],[0.6 0.4]
Li1+,Pu4+,[6.5400628],[0.6 0.4]
Nb5+,W6+,[6.52576121],[0.6 0.4]
Al3+,Co3+,[6.52065554],[0.6 0.4]
La3+,Os4+,[6.50829039],[0.6 0.4]
Be2+,Np5+,[6.50763735],[0.6 0.4]
Co3+,Rh3+,[6.50186142],[0.6 0.4]
Y3+,Hf4+,[6.49188444],[0.6 0.4]
La3+,Re4+,[6.48153131],[0.6 0.4]
Tc4+,Cd2+,[6.45174129],[0.6 0.4]
Bi3+,Po2+,[6.4470567],[0.6 0.4]
Mo4+,Ac3+,[6.42884733],[0.6 0.4]
Tc4+,Hf4+,[6.42803929],[0.6 0.4]
Ni2+,Tc4+,[6.41650177],[0.6 0.4]
Co3+,Dy3+,[6.41573799],[0.6 0.4]
Fe3+,Te2+,[6.4127648],[0.6 0.4]
Cr3+,Eu3+,[6.40316495],[0.6 0.4]
Ag1+,Hg1+,[6.39698146],[0.6 0.4]
Mn2+,Sm3+,[6.38957462],[0.6 0.4]
Mo4+,Cs1+,[6.36906832],[0.6 0.4]
Tb3+,Ra2+,[6.36101497],[0.6 0.4]
Ni2+,Rh3+,[6.35795614],[0.6 0.4]
Na1+,Am3+,[6.35723632],[0.6 0.4]
Sn2+,Pb2+,[6.3498274],[0.6 0.4]
Zr4+,Mo4+,[6.34981347],[0.6 0.4]
Li1+,Cs1+,[6.34700274],[0.6 0.4]
Co3+,Tc4+,[6.34312659],[0.6 0.4]
Mo4+,Os4+,[6.34111902],[0.6 0.4]
Nd3+,Pm3+,[6.33364063],[0.6 0.4]
La3+,Ac3+,[6.2931832],[0.6 0.4]
Ca2+,Ac3+,[6.28297051],[0.6 0.4]
Ti4+,Rh3+,[6.26176001],[0.6 0.4]
Cu2+,Mo4+,[6.24810589],[0.6 0.4]
Ag1+,Cs1+,[6.21533784],[0.6 0.4]
V5+,La3+,[6.20874639],[0.6 0.4]
Be2+,Fr1+,[6.2046907],[0.6 0.4]
V5+,Ru3+,[6.20468145],[0.6 0.4]
Hf4+,Pu4+,[6.20272578],[0.6 0.4]
Si4+,Ra2+,[6.20052844],[0.6 0.4]
Mo4+,Th4+,[6.20038109],[0.6 0.4]
Mn2+,Ce3+,[6.20018617],[0.6 0.4]
Sc3+,Ac3+,[6.19174821],[0.6 0.4]
Cr3+,Tb3+,[6.18973474],[0.6 0.4]
Zr4+,Er3+,[6.18868868],[0.6 0.4]
La3+,W6+,[6.18786519],[0.6 0.4]
V5+,Hf4+,[6.17781799],[0.6 0.4]
Mn2+,Fe3+,[6.17524623],[0.6 0.4]
V5+,Pm3+,[6.16732794],[0.6 0.4]
Sm3+,Eu3+,[6.15303003],[0.6 0.4]
Cr3+,Yb3+,[6.13011563],[0.6 0.4]
Mn2+,Y3+,[6.12581218],[0.6 0.4]
Mn2+,Yb3+,[6.12415415],[0.6 0.4]
Nb5+,Ta5+,[6.12304145],[0.6 0.4]
Sc3+,Rh3+,[6.12235825],[0.6 0.4]
Ga3+,Rh3+,[6.11822631],[0.6 0.4]
Pb2+,Po2+,[6.11789894],[0.6 0.4]
Ca2+,Am3+,[6.0969085],[0.6 0.4]
Mo4+,Pd4+,[6.0931334],[0.6 0.4]
Hf4+,Ta5+,[6.09199249],[0.6 0.4]
Cu2+,Tb3+,[6.08564942],[0.6 0.4]
Y3+,Gd3+,[6.07434078],[0.6 0.4]
Cr3+,Lu3+,[6.0702434],[0.6 0.4]
Mn2+,Ga3+,[6.06889066],[0.6 0.4]
Mn2+,Pr3+,[6.04359252],[0.6 0.4]
Po2+,U6+,[6.04047172],[0.6 0.4]
Po2+,Np5+,[6.028008],[0.6 0.4]
Y3+,Tc4+,[6.019622],[0.6 0.4]
Mn2+,Nd3+,[6.01765384],[0.6 0.4]
Y3+,Tb3+,[6.01473767],[0.6 0.4]
Mn2+,Pm3+,[6.00947644],[0.6 0.4]
V5+,Nd3+,[6.00739041],[0.6 0.4]
Al3+,Rh3+,[6.00625245],[0.6 0.4]
Ho3+,Er3+,[6.0006662],[0.6 0.4]
Si4+,Sc3+,[6.00063279],[0.6 0.4]
Mo4+,Pr3+,[5.99626602],[0.6 0.4]
In3+,Sn2+,[5.97615282],[0.6 0.4]
V5+,Pr3+,[5.96032274],[0.6 0.4]
Zn2+,Ce3+,[5.95497041],[0.6 0.4]
U6+,Np5+,[5.94315331],[0.6 0.4]
Fe3+,Sb3+,[5.94182996],[0.6 0.4]
Be2+,V5+,[5.94148276],[0.6 0.4]
Nb5+,Ag1+,[5.94002391],[0.6 0.4]
Ag1+,Sb3+,[5.93572094],[0.6 0.4]
Dy3+,Ho3+,[5.93369126],[0.6 0.4]
Ni2+,Tb3+,[5.93049746],[0.6 0.4]
Nb5+,Sb3+,[5.92761369],[0.6 0.4]
K1+,Ti4+,[5.92296469],[0.6 0.4]
Sn2+,Bi3+,[5.92039231],[0.6 0.4]
K1+,Ra2+,[5.91842928],[0.6 0.4]
K1+,Ag1+,[5.90272698],[0.6 0.4]
Er3+,Tm3+,[5.89878811],[0.6 0.4]
Al3+,Ru3+,[5.89669177],[0.6 0.4]
Y3+,Sn2+,[5.88581112],[0.6 0.4]
Ru3+,Cs1+,[5.87656041],[0.6 0.4]
Ni2+,Cs1+,[5.85751748],[0.6 0.4]
Sr2+,Hf4+,[5.85578544],[0.6 0.4]
Sb3+,Hg1+,[5.84182319],[0.6 0.4]
Al3+,Er3+,[5.84051545],[0.6 0.4]
Ga3+,Te2+,[5.83673404],[0.6 0.4]
Yb3+,Lu3+,[5.8313838],[0.6 0.4]
Ni2+,Mo4+,[5.82370276],[0.6 0.4]
Ti4+,Cs1+,[5.82311506],[0.6 0.4]
Yb3+,Ra2+,[5.82041909],[0.6 0.4]
K1+,Te2+,[5.81565883],[0.6 0.4]
La3+,Ce3+,[5.81423412],[0.6 0.4]
Ca2+,Au3+,[5.81154841],[0.6 0.4]
K1+,Er3+,[5.80081986],[0.6 0.4]
Pb2+,Pu4+,[5.79368487],[0.6 0.4]
Ti4+,In3+,[5.78993996],[0.6 0.4]
Ni2+,Ba2+,[5.78835509],[0.6 0.4]
Cs1+,Re4+,[5.78154623],[0.6 0.4]
Mn2+,La3+,[5.7779821],[0.6 0.4]
Ce3+,Re4+,[5.768092],[0.6 0.4]
Ca2+,Cm3+,[5.76535203],[0.6 0.4]
Am3+,Cm3+,[5.75903292],[0.6 0.4]
Zr4+,Ta5+,[5.75501008],[0.6 0.4]
Rb1+,W6+,[5.75294379],[0.6 0.4]
K1+,Tl1+,[5.74287435],[0.6 0.4]
Nb5+,Ac3+,[5.73832902],[0.6 0.4]
Ce3+,Ta5+,[5.72951877],[0.6 0.4]
Li1+,Cm3+,[5.72858014],[0.6 0.4]
Ti4+,Pm3+,[5.72458449],[0.6 0.4]
La3+,Am3+,[5.72328874],[0.6 0.4]
V5+,Pb2+,[5.72075219],[0.6 0.4]
Rb1+,Ir3+,[5.71992413],[0.6 0.4]
Li1+,Rb1+,[5.71774104],[0.6 0.4]
Dy3+,Np5+,[5.71519307],[0.6 0.4]
K1+,Mo4+,[5.71026614],[0.6 0.4]
Al3+,Tm3+,[5.70946992],[0.6 0.4]
Nd3+,Tl1+,[5.70759864],[0.6 0.4]
Si4+,Nb5+,[5.70731718],[0.6 0.4]
In3+,Os4+,[5.70518673],[0.6 0.4]
Sc3+,Ta5+,[5.70077263],[0.6 0.4]
Al3+,Fr1+,[5.68903924],[0.6 0.4]
Bi3+,U6+,[5.68813682],[0.6 0.4]
Cs1+,Os4+,[5.68283078],[0.6 0.4]
Ti4+,Sm3+,[5.68150935],[0.6 0.4]
Te2+,Hg1+,[5.67683838],[0.6 0.4]
Pm3+,Tl1+,[5.67617595],[0.6 0.4]
Zr4+,Sn2+,[5.66816562],[0.6 0.4]
Bi3+,Pu4+,[5.65961563],[0.6 0.4]
Mo4+,Ba2+,[5.65837469],[0.6 0.4]
Tb3+,Np5+,[5.65740545],[0.6 0.4]
Y3+,Sm3+,[5.65622084],[0.6 0.4]
Ni2+,In3+,[5.65552824],[0.6 0.4]
Mo4+,Ir3+,[5.65030591],[0.6 0.4]
La3+,Ta5+,[5.63681435],[0.6 0.4]
Zn2+,Sn2+,[5.6356387],[0.6 0.4]
Zr4+,Cd2+,[5.63536212],[0.6 0.4]
Si4+,Lu3+,[5.63080091],[0.6 0.4]
Ca2+,Tc4+,[5.6296924],[0.6 0.4]
Cu2+,Sb3+,[5.62885753],[0.6 0.4]
Mo4+,Nd3+,[5.62700022],[0.6 0.4]
Ga3+,Re4+,[5.62179113],[0.6 0.4]
Nb5+,Pb2+,[5.61998399],[0.6 0.4]
Mo4+,Sm3+,[5.61748402],[0.6 0.4]
K1+,Ho3+,[5.60671112],[0.6 0.4]
Sb3+,Cs1+,[5.60485136],[0.6 0.4]
Eu3+,Tb3+,[5.60210515],[0.6 0.4]
Al3+,Si4+,[5.59979541],[0.6 0.4]
W6+,Re4+,[5.59534272],[0.6 0.4]
Tm3+,U6+,[5.58909944],[0.6 0.4]
Si4+,Sm3+,[5.58452878],[0.6 0.4]
Tl1+,Po2+,[5.57843577],[0.6 0.4]
Cm3+,Bk3+,[5.5784035],[0.6 0.4]
Ga3+,Sm3+,[5.57062185],[0.6 0.4]
Li1+,Bk3+,[5.55940971],[0.6 0.4]
Sn2+,Ta5+,[5.55506505],[0.6 0.4]
Si4+,Pr3+,[5.55285134],[0.6 0.4]
Tl1+,Pu4+,[5.54688744],[0.6 0.4]
Mo4+,Yb3+,[5.54449883],[0.6 0.4]
Be2+,Ac3+,[5.54261987],[0.6 0.4]
Nd3+,Hf4+,[5.53452999],[0.6 0.4]
Tc4+,Ac3+,[5.52946324],[0.6 0.4]
Cr3+,Nd3+,[5.52600173],[0.6 0.4]
Sn2+,Tl1+,[5.51448972],[0.6 0.4]
Zn2+,Cs1+,[5.51350036],[0.6 0.4]
Yb3+,Np5+,[5.50993823],[0.6 0.4]
Nb5+,La3+,[5.49468405],[0.6 0.4]
Fe3+,Sm3+,[5.49127677],[0.6 0.4]
Mo4+,Pm3+,[5.49057009],[0.6 0.4]
Rh3+,Cs1+,[5.48656813],[0.6 0.4]
Ga3+,Gd3+,[5.48198481],[0.6 0.4]
Zn2+,Gd3+,[5.48121155],[0.6 0.4]
Gd3+,Dy3+,[5.48034552],[0.6 0.4]
Er3+,Ra2+,[5.48019354],[0.6 0.4]
Ra2+,Np5+,[5.47463943],[0.6 0.4]
Rb1+,Au3+,[5.45082562],[0.6 0.4]
Mo4+,Am3+,[5.44520718],[0.6 0.4]
Re4+,Pb2+,[5.4441937],[0.6 0.4]
Cs1+,Ta5+,[5.43628247],[0.6 0.4]
Ru3+,Ta5+,[5.43585499],[0.6 0.4]
Al3+,Ho3+,[5.43491451],[0.6 0.4]
Na1+,Pa5+,[5.43306407],[0.6 0.4]
Co3+,Ba2+,[5.43123065],[0.6 0.4]
Ho3+,Ra2+,[5.42204395],[0.6 0.4]
Eu3+,Np5+,[5.41876687],[0.6 0.4]
Tb3+,Dy3+,[5.41519989],[0.6 0.4]
Ce3+,Ac3+,[5.4100325],[0.6 0.4]
Si4+,Ba2+,[5.40159544],[0.6 0.4]
Tc4+,Cs1+,[5.39468188],[0.6 0.4]
Na1+,Cm3+,[5.39463721],[0.6 0.4]
Eu3+,Gd3+,[5.39235812],[0.6 0.4]
La3+,Th4+,[5.38926516],[0.6 0.4]
Na1+,Te2+,[5.38275388],[0.6 0.4]
Cr3+,Rh3+,[5.38136884],[0.6 0.4]
Eu3+,Dy3+,[5.37368902],[0.6 0.4]
Cs1+,Tl1+,[5.37224576],[0.6 0.4]
U6+,Pu4+,[5.36870819],[0.6 0.4]
Co3+,Ho3+,[5.36588492],[0.6 0.4]
Mo4+,Sn2+,[5.3628099],[0.6 0.4]
Na1+,Ir3+,[5.36267733],[0.6 0.4]
Cr3+,Sm3+,[5.36188606],[0.6 0.4]
Ca2+,Hg1+,[5.36153332],[0.6 0.4]
Mg2+,Si4+,[5.35008384],[0.6 0.4]
Tl1+,Bi3+,[5.34555399],[0.6 0.4]
Am3+,Bk3+,[5.3419274],[0.6 0.4]
Gd3+,Np5+,[5.33474612],[0.6 0.4]
Ni2+,Pr3+,[5.33355674],[0.6 0.4]
Cr3+,Pm3+,[5.32967959],[0.6 0.4]
Mo4+,Gd3+,[5.32161515],[0.6 0.4]
Rb1+,Te2+,[5.32130634],[0.6 0.4]
Sn2+,Re4+,[5.3188192],[0.6 0.4]
Bi3+,Ra2+,[5.31822324],[0.6 0.4]
Ti4+,Ta5+,[5.31349267],[0.6 0.4]
Sm3+,Gd3+,[5.31266439],[0.6 0.4]
Na1+,Si4+,[5.31245627],[0.6 0.4]
Tc4+,Pb2+,[5.31045111],[0.6 0.4]
Ga3+,Ta5+,[5.31036101],[0.6 0.4]
Al3+,K1+,[5.30952236],[0.6 0.4]
Ce3+,W6+,[5.3078973],[0.6 0.4]
Cs1+,Pb2+,[5.30783964],[0.6 0.4]
Rb1+,Re4+,[5.30610736],[0.6 0.4]
Ac3+,Pu4+,[5.30609406],[0.6 0.4]
Zn2+,La3+,[5.30393284],[0.6 0.4]
Th4+,Cm3+,[5.30387452],[0.6 0.4]
Cs1+,W6+,[5.30282603],[0.6 0.4]
Y3+,Dy3+,[5.29873746],[0.6 0.4]
Nb5+,Hg1+,[5.29554474],[0.6 0.4]
Lu3+,U6+,[5.29181678],[0.6 0.4]
Sr2+,Tl1+,[5.28994544],[0.6 0.4]
In3+,Sm3+,[5.28750329],[0.6 0.4]
Sm3+,Np5+,[5.28686478],[0.6 0.4]
Ac3+,Cm3+,[5.28358413],[0.6 0.4]
Nb5+,Er3+,[5.28104241],[0.6 0.4]
In3+,Pb2+,[5.27927569],[0.6 0.4]
Nb5+,Am3+,[5.27845132],[0.6 0.4]
Cr3+,Ce3+,[5.27813982],[0.6 0.4]
Rb1+,Ta5+,[5.27150707],[0.6 0.4]
Sn2+,Pr3+,[5.27112839],[0.6 0.4]
Li1+,Sb3+,[5.27028676],[0.6 0.4]
Si4+,Ce3+,[5.26618313],[0.6 0.4]
Pr3+,Ra2+,[5.26400996],[0.6 0.4]
Cs1+,Ir3+,[5.26397153],[0.6 0.4]
Sc3+,Pb2+,[5.26381039],[0.6 0.4]
Sc3+,Re4+,[5.26377859],[0.6 0.4]
Zr4+,Sb3+,[5.26186085],[0.6 0.4]
Li1+,Pt2+,[5.25783905],[0.6 0.4]
Na1+,Ag1+,[5.2572726],[0.6 0.4]
Th4+,Bk3+,[5.25612874],[0.6 0.4]
Sn2+,Os4+,[5.25282308],[0.6 0.4]
Pm3+,Pu4+,[5.2505262],[0.6 0.4]
Zn2+,Y3+,[5.24990228],[0.6 0.4]
Ho3+,U6+,[5.24625027],[0.6 0.4]
V5+,Re4+,[5.24345162],[0.6 0.4]
Po2+,Ra2+,[5.23798566],[0.6 0.4]
Cr3+,Pr3+,[5.23664685],[0.6 0.4]
In3+,Eu3+,[5.23660068],[0.6 0.4]
Zr4+,Te2+,[5.23292287],[0.6 0.4]
Mo4+,Eu3+,[5.23137201],[0.6 0.4]
Zr4+,Ho3+,[5.2264349],[0.6 0.4]
Ca2+,Ir3+,[5.22566814],[0.6 0.4]
Sr2+,W6+,[5.22239123],[0.6 0.4]
Ta5+,Pb2+,[5.22120045],[0.6 0.4]
Ni2+,Sm3+,[5.22095847],[0.6 0.4]
Eu3+,U6+,[5.21604573],[0.6 0.4]
Hg1+,Cm3+,[5.21596409],[0.6 0.4]
Tm3+,Np5+,[5.21506067],[0.6 0.4]
Yb3+,U6+,[5.21294281],[0.6 0.4]
Ho3+,Tm3+,[5.20791432],[0.6 0.4]
Tl1+,Pb2+,[5.20725746],[0.6 0.4]
Re4+,Hg1+,[5.20433203],[0.6 0.4]
Lu3+,Pu4+,[5.19942596],[0.6 0.4]
Cu2+,Ba2+,[5.19739947],[0.6 0.4]
K1+,Ni2+,[5.19369848],[0.6 0.4]
Cs1+,Au3+,[5.19138541],[0.6 0.4]
Nb5+,Tm3+,[5.19135258],[0.6 0.4]
Tc4+,Lu3+,[5.18880158],[0.6 0.4]
Ti4+,Pb2+,[5.18687797],[0.6 0.4]
Rb1+,Hf4+,[5.18375659],[0.6 0.4]
U6+,Bk3+,[5.17981705],[0.6 0.4]
Co3+,Er3+,[5.17874561],[0.6 0.4]
V5+,Hg1+,[5.17670645],[0.6 0.4]
Mo4+,Sb3+,[5.17519086],[0.6 0.4]
Tc4+,Pd4+,[5.17063612],[0.6 0.4]
Li1+,Ir3+,[5.16712958],[0.6 0.4]
Pm3+,Hf4+,[5.16292662],[0.6 0.4]
Tb3+,U6+,[5.16232858],[0.6 0.4]
Ca2+,W6+,[5.16160925],[0.6 0.4]
Tl1+,Ra2+,[5.16138387],[0.6 0.4]
Sm3+,Ra2+,[5.15939779],[0.6 0.4]
Cu2+,Gd3+,[5.15837905],[0.6 0.4]
Cr3+,Hf4+,[5.15601396],[0.6 0.4]
Pa5+,Bk3+,[5.1535136],[0.6 0.4]
Nb5+,Cm3+,[5.1463632],[0.6 0.4]
Pr3+,Sm3+,[5.14141654],[0.6 0.4]
Ag1+,Ra2+,[5.13509857],[0.6 0.4]
Na1+,Ti4+,[5.13222114],[0.6 0.4]
Pa5+,Pu4+,[5.12975302],[0.6 0.4]
Nb5+,Ho3+,[5.1224214],[0.6 0.4]
Cr3+,La3+,[5.12191241],[0.6 0.4]
Rb1+,Os4+,[5.11507055],[0.6 0.4]
In3+,Re4+,[5.11195728],[0.6 0.4]
Po2+,Pu4+,[5.10535278],[0.6 0.4]
Dy3+,U6+,[5.10127026],[0.6 0.4]
Pb2+,Ac3+,[5.09827846],[0.6 0.4]
Nd3+,Bk3+,[5.0968013],[0.6 0.4]
Po2+,Bk3+,[5.09668853],[0.6 0.4]
Li1+,Fr1+,[5.09546424],[0.6 0.4]
Mo4+,Pt2+,[5.09392353],[0.6 0.4]
Ag1+,Bi3+,[5.09286496],[0.6 0.4]
Er3+,Lu3+,[5.09123794],[0.6 0.4]
Re4+,Po2+,[5.08717333],[0.6 0.4]
Tc4+,Nd3+,[5.08430118],[0.6 0.4]
Er3+,U6+,[5.08388875],[0.6 0.4]
Zn2+,Ga3+,[5.08366763],[0.6 0.4]
Tl1+,Pa5+,[5.07920192],[0.6 0.4]
Dy3+,Ra2+,[5.07459595],[0.6 0.4]
Mn2+,Zr4+,[5.07422403],[0.6 0.4]
Pm3+,Pa5+,[5.07410921],[0.6 0.4]
Ce3+,Ra2+,[5.07141111],[0.6 0.4]
Mg2+,Po2+,[5.07073904],[0.6 0.4]
Co3+,Sm3+,[5.06956701],[0.6 0.4]
Na1+,Sc3+,[5.06941365],[0.6 0.4]
Hg1+,Th4+,[5.06882966],[0.6 0.4]
Po2+,Pa5+,[5.06688551],[0.6 0.4]
Gd3+,Er3+,[5.06675062],[0.6 0.4]
Er3+,Np5+,[5.06499716],[0.6 0.4]
Hg1+,Bk3+,[5.06170966],[0.6 0.4]
Ra2+,U6+,[5.05707195],[0.6 0.4]
Mn2+,Pb2+,[5.05062663],[0.6 0.4]
Pa5+,Cm3+,[5.05005887],[0.6 0.4]
Pd4+,Cd2+,[5.04851283],[0.6 0.4]
Sr2+,Ta5+,[5.04741399],[0.6 0.4]
Sn2+,Hg1+,[5.04730279],[0.6 0.4]
Rb1+,Ho3+,[5.04486538],[0.6 0.4]
Y3+,Cd2+,[5.04314332],[0.6 0.4]
Nb5+,Re4+,[5.04002546],[0.6 0.4]
In3+,Pr3+,[5.03967192],[0.6 0.4]
Dy3+,Er3+,[5.0374247],[0.6 0.4]
Na1+,U6+,[5.03239195],[0.6 0.4]
Po2+,Cm3+,[5.02755677],[0.6 0.4]
Np5+,Pu4+,[5.02506958],[0.6 0.4]
Zr4+,Tm3+,[5.02487745],[0.6 0.4]
In3+,Gd3+,[5.02483626],[0.6 0.4]
In3+,Ta5+,[5.02468653],[0.6 0.4]
Cs1+,Hf4+,[5.0235493],[0.6 0.4]
Mn2+,Hg1+,[5.02058499],[0.6 0.4]
Hg1+,Pa5+,[5.02034355],[0.6 0.4]
V5+,Mn2+,[5.0168347],[0.6 0.4]
Ag1+,Ac3+,[5.01594973],[0.6 0.4]
Sr2+,U6+,[5.0155226],[0.6 0.4]
Y3+,Ho3+,[5.0149284],[0.6 0.4]
Ho3+,Np5+,[5.01474552],[0.6 0.4]
Hg1+,Ac3+,[5.00942305],[0.6 0.4]
Gd3+,Ho3+,[5.00929582],[0.6 0.4]
Zn2+,Hg1+,[5.0085624],[0.6 0.4]
Zn2+,Te2+,[5.00854129],[0.6 0.4]
Hg1+,Pb2+,[5.00781143],[0.6 0.4]
Sn2+,Fr1+,[5.00726199],[0.6 0.4]
Th4+,Am3+,[5.00493101],[0.6 0.4]
Cs1+,Tm3+,[5.00354305],[0.6 0.4]
Sc3+,Am3+,[5.00199442],[0.6 0.4]
Ag1+,Po2+,[5.00069719],[0.6 0.4]
Al3+,Tc4+,[4.99995464],[0.6 0.4]
Y3+,Ta5+,[4.99610889],[0.6 0.4]
Lu3+,Ra2+,[4.99556644],[0.6 0.4]
Ho3+,Th4+,[4.99105893],[0.6 0.4]
Cs1+,Po2+,[4.98826593],[0.6 0.4]
Zn2+,Nb5+,[4.98540864],[0.6 0.4]
Pb2+,Pa5+,[4.98448857],[0.6 0.4]
Ca2+,Os4+,[4.98439292],[0.6 0.4]
Fe3+,Nb5+,[4.98416395],[0.6 0.4]
Tb3+,Er3+,[4.97765442],[0.6 0.4]
Dy3+,Yb3+,[4.97705591],[0.6 0.4]
Cr3+,Pb2+,[4.97638711],[0.6 0.4]
Co3+,Pr3+,[4.97547228],[0.6 0.4]
Y3+,Ru3+,[4.97541311],[0.6 0.4]
K1+,Pb2+,[4.97069381],[0.6 0.4]
Re4+,Ac3+,[4.9649606],[0.6 0.4]
Yb3+,Pu4+,[4.96213399],[0.6 0.4]
Tc4+,La3+,[4.96126054],[0.6 0.4]
Tb3+,Yb3+,[4.95943436],[0.6 0.4]
Tc4+,Pm3+,[4.95857403],[0.6 0.4]
Na1+,Ac3+,[4.9565844],[0.6 0.4]
Ga3+,Pu4+,[4.9557976],[0.6 0.4]
Tb3+,Cm3+,[4.95466473],[0.6 0.4]
Sm3+,Dy3+,[4.95197828],[0.6 0.4]
Ni2+,Er3+,[4.95017617],[0.6 0.4]
Ta5+,Bk3+,[4.95001377],[0.6 0.4]
Tm3+,Ra2+,[4.94981184],[0.6 0.4]
Nb5+,Ce3+,[4.94921654],[0.6 0.4]
Ni2+,Ho3+,[4.9474252],[0.6 0.4]
Tb3+,Ho3+,[4.94679338],[0.6 0.4]
Mg2+,Lu3+,[4.94664437],[0.6 0.4]
K1+,Pa5+,[4.93942889],[0.6 0.4]
Cs1+,Pa5+,[4.9393339],[0.6 0.4]
Eu3+,Tm3+,[4.93732151],[0.6 0.4]
Po2+,Am3+,[4.93499028],[0.6 0.4]
Cu2+,Nb5+,[4.9348956],[0.6 0.4]
Pm3+,W6+,[4.93294784],[0.6 0.4]
Tb3+,Lu3+,[4.92849291],[0.6 0.4]
Cr3+,Zn2+,[4.92641957],[0.6 0.4]
Tb3+,Pu4+,[4.92508212],[0.6 0.4]
Fe3+,Zn2+,[4.92319601],[0.6 0.4]
Mn2+,Ta5+,[4.92000769],[0.6 0.4]
Co3+,Cd2+,[4.91977194],[0.6 0.4]
Tc4+,In3+,[4.91939073],[0.6 0.4]
Tm3+,Yb3+,[4.91770033],[0.6 0.4]
Cs1+,Ac3+,[4.91200746],[0.6 0.4]
Bi3+,Np5+,[4.91196436],[0.6 0.4]
Fe3+,Eu3+,[4.91188752],[0.6 0.4]
K1+,Ca2+,[4.90411582],[0.6 0.4]
Ag1+,Cm3+,[4.90087368],[0.6 0.4]
Cr3+,Cs1+,[4.90079836],[0.6 0.4]
Y3+,W6+,[4.90043673],[0.6 0.4]
Nd3+,Lu3+,[4.89922371],[0.6 0.4]
In3+,Bi3+,[4.89687069],[0.6 0.4]
In3+,Dy3+,[4.89213386],[0.6 0.4]
Eu3+,Er3+,[4.88971029],[0.6 0.4]
Cs1+,Pt2+,[4.8864238],[0.6 0.4]
Ti4+,Hg1+,[4.88601349],[0.6 0.4]
Si4+,Zr4+,[4.88415666],[0.6 0.4]
Ba2+,Dy3+,[4.88241961],[0.6 0.4]
Tm3+,Th4+,[4.88066105],[0.6 0.4]
Nb5+,Tl1+,[4.87996811],[0.6 0.4]
Eu3+,Ho3+,[4.87676329],[0.6 0.4]
K1+,Hg1+,[4.87533818],[0.6 0.4]
Na1+,Cs1+,[4.87028627],[0.6 0.4]
Tc4+,Ta5+,[4.8695879],[0.6 0.4]
Pa5+,U6+,[4.86936082],[0.6 0.4]
Gd3+,U6+,[4.86813218],[0.6 0.4]
Ac3+,Am3+,[4.86695552],[0.6 0.4]
Tb3+,Am3+,[4.86471496],[0.6 0.4]
Pu4+,Cm3+,[4.863565],[0.6 0.4]
Tb3+,Tm3+,[4.86041434],[0.6 0.4]
Gd3+,Am3+,[4.85788963],[0.6 0.4]
Ho3+,Yb3+,[4.85614228],[0.6 0.4]
Ni2+,Cd2+,[4.85597709],[0.6 0.4]
Nd3+,W6+,[4.85379894],[0.6 0.4]
Pm3+,Bk3+,[4.85229113],[0.6 0.4]
Ti4+,Sb3+,[4.85188874],[0.6 0.4]
Nb5+,Tb3+,[4.8494857],[0.6 0.4]
Li1+,Po2+,[4.84528867],[0.6 0.4]
Tb3+,Bk3+,[4.84462776],[0.6 0.4]
Po2+,Th4+,[4.84260306],[0.6 0.4]
Ag1+,Bk3+,[4.84230859],[0.6 0.4]
Al3+,Pb2+,[4.84221645],[0.6 0.4]
Dy3+,Tm3+,[4.84205513],[0.6 0.4]
Li1+,Cr3+,[4.841068],[0.6 0.4]
Pb2+,Ra2+,[4.84095069],[0.6 0.4]
Fe3+,Re4+,[4.84022113],[0.6 0.4]
Te2+,Cs1+,[4.83842956],[0.6 0.4]
Pu4+,Bk3+,[4.83625373],[0.6 0.4]
In3+,Cs1+,[4.83541782],[0.6 0.4]
Tc4+,Hg1+,[4.83271619],[0.6 0.4]
Lu3+,Hf4+,[4.8304739],[0.6 0.4]
Rb1+,Tl1+,[4.82897073],[0.6 0.4]
Fe3+,Pr3+,[4.8270173],[0.6 0.4]
Si4+,Er3+,[4.82636543],[0.6 0.4]
Nb5+,Lu3+,[4.82399505],[0.6 0.4]
Fe3+,Tm3+,[4.82206353],[0.6 0.4]
Mn2+,In3+,[4.82135297],[0.6 0.4]
Hf4+,Bi3+,[4.81999468],[0.6 0.4]
Mo4+,Pb2+,[4.81837624],[0.6 0.4]
In3+,Er3+,[4.81830037],[0.6 0.4]
Cd2+,Cs1+,[4.81715594],[0.6 0.4]
Rb1+,Nb5+,[4.81425171],[0.6 0.4]
Hg1+,Am3+,[4.81323525],[0.6 0.4]
Zn2+,Mo4+,[4.81084398],[0.6 0.4]
Ac3+,U6+,[4.80983313],[0.6 0.4]
Cs1+,Ho3+,[4.8090954],[0.6 0.4]
Sm3+,U6+,[4.80861355],[0.6 0.4]
Np5+,Cm3+,[4.80640012],[0.6 0.4]
K1+,Tm3+,[4.80217094],[0.6 0.4]
Fe3+,In3+,[4.7959651],[0.6 0.4]
Mg2+,Rb1+,[4.79439608],[0.6 0.4]
Mo4+,Ra2+,[4.78514326],[0.6 0.4]
Cs1+,Lu3+,[4.78147404],[0.6 0.4]
Gd3+,Ra2+,[4.78088112],[0.6 0.4]
Nb5+,Bk3+,[4.77992959],[0.6 0.4]
Ti4+,Re4+,[4.7784731],[0.6 0.4]
Er3+,Yb3+,[4.77753682],[0.6 0.4]
Al3+,Cs1+,[4.77505213],[0.6 0.4]
Sm3+,Ta5+,[4.77423197],[0.6 0.4]
Dy3+,Cm3+,[4.77345167],[0.6 0.4]
Rb1+,Sb3+,[4.77209732],[0.6 0.4]
Mn2+,Tc4+,[4.76498441],[0.6 0.4]
Hg1+,U6+,[4.76266542],[0.6 0.4]
Co3+,Cs1+,[4.76119267],[0.6 0.4]
Cu2+,Cs1+,[4.75952231],[0.6 0.4]
K1+,Np5+,[4.75896065],[0.6 0.4]
Si4+,Rh3+,[4.75785207],[0.6 0.4]
Np5+,Am3+,[4.75765311],[0.6 0.4]
Si4+,La3+,[4.75698102],[0.6 0.4]
Cu2+,Sr2+,[4.7569608],[0.6 0.4]
Pr3+,Ta5+,[4.75664432],[0.6 0.4]
Nb5+,Rh3+,[4.75482561],[0.6 0.4]
K1+,Th4+,[4.75439948],[0.6 0.4]
Ga3+,Po2+,[4.7530621],[0.6 0.4]
Fe3+,Y3+,[4.75203874],[0.6 0.4]
Rh3+,Ba2+,[4.75057099],[0.6 0.4]
Ca2+,Bk3+,[4.75043717],[0.6 0.4]
Ni2+,Hg1+,[4.75002778],[0.6 0.4]
Sb3+,Po2+,[4.74989808],[0.6 0.4]
Os4+,Hg1+,[4.7491386],[0.6 0.4]
Mo4+,Tb3+,[4.74760123],[0.6 0.4]
Ho3+,Am3+,[4.7475339],[0.6 0.4]
Cs1+,Bi3+,[4.74649516],[0.6 0.4]
Rb1+,Pb2+,[4.74179581],[0.6 0.4]
Ba2+,Tb3+,[4.74164904],[0.6 0.4]
Na1+,Sb3+,[4.74077368],[0.6 0.4]
Ho3+,Cm3+,[4.73868998],[0.6 0.4]
Ce3+,Pr3+,[4.73721318],[0.6 0.4]
Rb1+,Lu3+,[4.73585366],[0.6 0.4]
V5+,Ta5+,[4.73289329],[0.6 0.4]
Nb5+,Bi3+,[4.73251396],[0.6 0.4]
Lu3+,Np5+,[4.73188592],[0.6 0.4]
U6+,Cm3+,[4.72630494],[0.6 0.4]
Ba2+,Ta5+,[4.72061838],[0.6 0.4]
Nd3+,Pa5+,[4.7201413],[0.6 0.4]
Pb2+,Bk3+,[4.71990421],[0.6 0.4]
Mo4+,Dy3+,[4.71578658],[0.6 0.4]
In3+,Tm3+,[4.71470093],[0.6 0.4]
Tl1+,U6+,[4.71159096],[0.6 0.4]
Cr3+,Sn2+,[4.71108185],[0.6 0.4]
Te2+,Np5+,[4.71031196],[0.6 0.4]
Pb2+,Np5+,[4.70966546],[0.6 0.4]
Dy3+,Bk3+,[4.70280253],[0.6 0.4]
Sr2+,Po2+,[4.70061865],[0.6 0.4]
Rb1+,Tm3+,[4.69964313],[0.6 0.4]
Sc3+,V5+,[4.69907532],[0.6 0.4]
Ta5+,Tl1+,[4.69436012],[0.6 0.4]
V5+,Zn2+,[4.69409336],[0.6 0.4]
Sc3+,Mo4+,[4.69053186],[0.6 0.4]
Cr3+,Os4+,[4.69008557],[0.6 0.4]
Rb1+,Sr2+,[4.68881992],[0.6 0.4]
Ac3+,Pa5+,[4.68746425],[0.6 0.4]
Nd3+,Pb2+,[4.68584521],[0.6 0.4]
Gd3+,Yb3+,[4.68409095],[0.6 0.4]
Re4+,Am3+,[4.68241943],[0.6 0.4]
K1+,Sm3+,[4.68130295],[0.6 0.4]
Re4+,U6+,[4.68022211],[0.6 0.4]
Sr2+,Nb5+,[4.67866074],[0.6 0.4]
Ga3+,Hf4+,[4.67645231],[0.6 0.4]
K1+,Sr2+,[4.67583178],[0.6 0.4]
Mo4+,Po2+,[4.67449017],[0.6 0.4]
In3+,Pa5+,[4.6725525],[0.6 0.4]
Mn2+,Re4+,[4.67095808],[0.6 0.4]
Hg1+,Po2+,[4.67019723],[0.6 0.4]
Ru3+,Ce3+,[4.66849674],[0.6 0.4]
Hf4+,Pb2+,[4.66570366],[0.6 0.4]
Mo4+,Bi3+,[4.66265063],[0.6 0.4]
Cs1+,Th4+,[4.66259597],[0.6 0.4]
Cd2+,Pr3+,[4.66258183],[0.6 0.4]
U6+,Am3+,[4.66251574],[0.6 0.4]
Tm3+,Cm3+,[4.6603075],[0.6 0.4]
K1+,La3+,[4.6590063],[0.6 0.4]
Al3+,Tl1+,[4.65522662],[0.6 0.4]
Ho3+,Lu3+,[4.65241299],[0.6 0.4]
Pm3+,Th4+,[4.65205796],[0.6 0.4]
Cd2+,Sm3+,[4.65140477],[0.6 0.4]
Pr3+,Np5+,[4.6479205],[0.6 0.4]
Zr4+,Pb2+,[4.64751044],[0.6 0.4]
Ba2+,Bi3+,[4.64697517],[0.6 0.4]
Ce3+,Am3+,[4.64229524],[0.6 0.4]
Ga3+,U6+,[4.64025422],[0.6 0.4]
Si4+,Ho3+,[4.63953342],[0.6 0.4]
Ta5+,Ra2+,[4.63620336],[0.6 0.4]
Sr2+,Pd4+,[4.63563403],[0.6 0.4]
V5+,Tl1+,[4.635009],[0.6 0.4]
Sr2+,Pu4+,[4.6327747],[0.6 0.4]
Re4+,Tl1+,[4.62942281],[0.6 0.4]
Ce3+,Hg1+,[4.62512781],[0.6 0.4]
Ru3+,Hf4+,[4.62383226],[0.6 0.4]
Y3+,Ac3+,[4.6218106],[0.6 0.4]
Gd3+,Pu4+,[4.61781442],[0.6 0.4]
Ac3+,Th4+,[4.61223892],[0.6 0.4]
Si4+,Gd3+,[4.61132052],[0.6 0.4]
Cs1+,Cm3+,[4.60970222],[0.6 0.4]
Y3+,Er3+,[4.60881097],[0.6 0.4]
Ni2+,Rb1+,[4.60555931],[0.6 0.4]
Cs1+,Hg1+,[4.6042731],[0.6 0.4]
Ac3+,Bk3+,[4.60202835],[0.6 0.4]
Zr4+,Dy3+,[4.59973418],[0.6 0.4]
Cs1+,Am3+,[4.5986529],[0.6 0.4]
Cs1+,Er3+,[4.59745755],[0.6 0.4]
Sn2+,Pu4+,[4.59706988],[0.6 0.4]
K1+,Eu3+,[4.59697006],[0.6 0.4]
Rb1+,Er3+,[4.59624743],[0.6 0.4]
Si4+,Rb1+,[4.59549631],[0.6 0.4]
Tm3+,Am3+,[4.59549477],[0.6 0.4]
Al3+,Dy3+,[4.59410808],[0.6 0.4]
Be2+,Hg1+,[4.59371092],[0.6 0.4]
Ce3+,Th4+,[4.59162892],[0.6 0.4]
Yb3+,Ta5+,[4.58992491],[0.6 0.4]
K1+,Ce3+,[4.58922566],[0.6 0.4]
K1+,U6+,[4.58869712],[0.6 0.4]
K1+,Cm3+,[4.58786278],[0.6 0.4]
Hf4+,Np5+,[4.58606115],[0.6 0.4]
Rb1+,Np5+,[4.5836832],[0.6 0.4]
Pd4+,Cs1+,[4.58344712],[0.6 0.4]
Hg1+,Np5+,[4.58331638],[0.6 0.4]
Cs1+,Pu4+,[4.58318669],[0.6 0.4]
K1+,Pu4+,[4.57987292],[0.6 0.4]
Zr4+,Gd3+,[4.57623024],[0.6 0.4]
Sc3+,Cu2+,[4.57489854],[0.6 0.4]
Sc3+,Os4+,[4.57464375],[0.6 0.4]
Po2+,Ac3+,[4.57422004],[0.6 0.4]
V5+,Te2+,[4.57387014],[0.6 0.4]
Ba2+,Ac3+,[4.57282654],[0.6 0.4]
Ba2+,W6+,[4.57263057],[0.6 0.4]
Zn2+,Fr1+,[4.57223841],[0.6 0.4]
Mn2+,Cu2+,[4.56737138],[0.6 0.4]
Cs1+,Np5+,[4.56699786],[0.6 0.4]
Sr2+,Th4+,[4.56609604],[0.6 0.4]
Sn2+,U6+,[4.56384852],[0.6 0.4]
Zr4+,Th4+,[4.56360993],[0.6 0.4]
In3+,Ho3+,[4.56014746],[0.6 0.4]
Cs1+,Bk3+,[4.55669868],[0.6 0.4]
Mo4+,Hg1+,[4.55631353],[0.6 0.4]
Nb5+,Ba2+,[4.55485851],[0.6 0.4]
Hf4+,Tl1+,[4.55456243],[0.6 0.4]
Ga3+,Bi3+,[4.5544829],[0.6 0.4]
Cr3+,Mn2+,[4.55298188],[0.6 0.4]
Si4+,Ir3+,[4.55144094],[0.6 0.4]
Tm3+,Pu4+,[4.5489971],[0.6 0.4]
Ti4+,Zn2+,[4.54836523],[0.6 0.4]
Si4+,Mo4+,[4.54807896],[0.6 0.4]
Ni2+,Nb5+,[4.54727999],[0.6 0.4]
Cd2+,Ba2+,[4.54718836],[0.6 0.4]
Nd3+,Ac3+,[4.54711539],[0.6 0.4]
Fe3+,Hg1+,[4.54430333],[0.6 0.4]
Hg1+,Bi3+,[4.54384708],[0.6 0.4]
Sr2+,Ac3+,[4.5432223],[0.6 0.4]
Ta5+,Hg1+,[4.54274023],[0.6 0.4]
Rb1+,Pu4+,[4.54216753],[0.6 0.4]
Sc3+,Hg1+,[4.53747116],[0.6 0.4]
Pr3+,W6+,[4.53734418],[0.6 0.4]
Ga3+,Np5+,[4.532059],[0.6 0.4]
Be2+,Au3+,[4.52494744],[0.6 0.4]
Ti4+,Mn2+,[4.51862391],[0.6 0.4]
Re4+,Th4+,[4.51845537],[0.6 0.4]
Co3+,Hg1+,[4.51745833],[0.6 0.4]
Zr4+,Ir3+,[4.51705831],[0.6 0.4]
Sc3+,Bk3+,[4.51245585],[0.6 0.4]
Ga3+,Os4+,[4.51212652],[0.6 0.4]
Ce3+,Os4+,[4.50804315],[0.6 0.4]
Zr4+,La3+,[4.50731873],[0.6 0.4]
Rb1+,U6+,[4.50560264],[0.6 0.4]
Cr3+,Ni2+,[4.50415396],[0.6 0.4]
Cs1+,U6+,[4.50406262],[0.6 0.4]
W6+,Am3+,[4.50128047],[0.6 0.4]
Nd3+,Re4+,[4.50062637],[0.6 0.4]
Be2+,Ra2+,[4.4993277],[0.6 0.4]
Yb3+,W6+,[4.49922523],[0.6 0.4]
Pb2+,Am3+,[4.49678617],[0.6 0.4]
Ac3+,Np5+,[4.49408427],[0.6 0.4]
Hf4+,Hg1+,[4.49401219],[0.6 0.4]
Re4+,Pu4+,[4.49204691],[0.6 0.4]
Tl1+,Bk3+,[4.49203694],[0.6 0.4]
Tl1+,Ac3+,[4.48828359],[0.6 0.4]
Tc4+,Ba2+,[4.48702587],[0.6 0.4]
In3+,Hf4+,[4.48596904],[0.6 0.4]
Sr2+,Pa5+,[4.48494591],[0.6 0.4]
V5+,Bi3+,[4.4837761],[0.6 0.4]
Pt2+,Th4+,[4.48312324],[0.6 0.4]
Cd2+,Yb3+,[4.48165442],[0.6 0.4]
Ru3+,La3+,[4.48100631],[0.6 0.4]
Sr2+,Re4+,[4.48059531],[0.6 0.4]
Ca2+,Pb2+,[4.47977944],[0.6 0.4]
Te2+,Fr1+,[4.47855195],[0.6 0.4]
Pt2+,Hg1+,[4.47817349],[0.6 0.4]
Tb3+,Ta5+,[4.47130321],[0.6 0.4]
Ba2+,Er3+,[4.47082139],[0.6 0.4]
Dy3+,Am3+,[4.46889849],[0.6 0.4]
Na1+,Pt2+,[4.46801904],[0.6 0.4]
K1+,Gd3+,[4.46702791],[0.6 0.4]
Tc4+,Sb3+,[4.46695198],[0.6 0.4]
Hg1+,Pu4+,[4.46519773],[0.6 0.4]
Zr4+,Ce3+,[4.46483541],[0.6 0.4]
Ni2+,Cu2+,[4.46358047],[0.6 0.4]
Gd3+,Tm3+,[4.46280218],[0.6 0.4]
K1+,Bk3+,[4.46102288],[0.6 0.4]
Sr2+,Bk3+,[4.46068507],[0.6 0.4]
Np5+,Bk3+,[4.46048674],[0.6 0.4]
V5+,Cu2+,[4.45844343],[0.6 0.4]
Gd3+,Bk3+,[4.45704615],[0.6 0.4]
Cu2+,Fr1+,[4.45633193],[0.6 0.4]
Be2+,Lu3+,[4.45349835],[0.6 0.4]
Sc3+,Pt2+,[4.45142632],[0.6 0.4]
Zr4+,Eu3+,[4.44861719],[0.6 0.4]
K1+,Am3+,[4.447368],[0.6 0.4]
Ru3+,Ba2+,[4.4473628],[0.6 0.4]
Sn2+,Po2+,[4.44725163],[0.6 0.4]
Eu3+,Ta5+,[4.44629287],[0.6 0.4]
Y3+,Rh3+,[4.44577355],[0.6 0.4]
Pa5+,Am3+,[4.44355978],[0.6 0.4]
Mn2+,Tl1+,[4.44068145],[0.6 0.4]
Pu4+,Am3+,[4.44052916],[0.6 0.4]
Tc4+,Ce3+,[4.4390842],[0.6 0.4]
Ce3+,Nd3+,[4.43870953],[0.6 0.4]
Sr2+,Pb2+,[4.43487055],[0.6 0.4]
In3+,Pu4+,[4.43356833],[0.6 0.4]
Sb3+,Te2+,[4.43162427],[0.6 0.4]
Zn2+,Ba2+,[4.43025977],[0.6 0.4]
Bi3+,Am3+,[4.42942767],[0.6 0.4]
Cr3+,Re4+,[4.42802429],[0.6 0.4]
Te2+,Pu4+,[4.42483952],[0.6 0.4]
In3+,Sb3+,[4.42408913],[0.6 0.4]
Na1+,Bi3+,[4.42405084],[0.6 0.4]
Ga3+,W6+,[4.42334824],[0.6 0.4]
Si4+,Bi3+,[4.42230106],[0.6 0.4]
K1+,Nd3+,[4.4220881],[0.6 0.4]
Sc3+,W6+,[4.42084083],[0.6 0.4]
Zr4+,Yb3+,[4.41957391],[0.6 0.4]
Si4+,U6+,[4.41626489],[0.6 0.4]
Sb3+,Bi3+,[4.41602152],[0.6 0.4]
Zr4+,Tb3+,[4.41554042],[0.6 0.4]
Cd2+,In3+,[4.41414791],[0.6 0.4]
Al3+,Pu4+,[4.4137556],[0.6 0.4]
Pb2+,U6+,[4.41330622],[0.6 0.4]
Tm3+,Pa5+,[4.41322206],[0.6 0.4]
Co3+,Tm3+,[4.41075862],[0.6 0.4]
Tm3+,Lu3+,[4.40947804],[0.6 0.4]
Ga3+,Tb3+,[4.40925556],[0.6 0.4]
Nb5+,Yb3+,[4.4090499],[0.6 0.4]
Sr2+,Bi3+,[4.40407731],[0.6 0.4]
Dy3+,Lu3+,[4.40163674],[0.6 0.4]
Mn2+,Zn2+,[4.4005651],[0.6 0.4]
Cs1+,Fr1+,[4.40006898],[0.6 0.4]
Hf4+,Bk3+,[4.3996779],[0.6 0.4]
K1+,Ac3+,[4.39957922],[0.6 0.4]
Cr3+,Fe3+,[4.39735567],[0.6 0.4]
Pb2+,Cm3+,[4.3970376],[0.6 0.4]
Rb1+,Bi3+,[4.39517674],[0.6 0.4]
In3+,Pt2+,[4.39224449],[0.6 0.4]
Pr3+,Tl1+,[4.39181596],[0.6 0.4]
Zr4+,Tl1+,[4.38998532],[0.6 0.4]
Pr3+,Os4+,[4.38765635],[0.6 0.4]
K1+,Pm3+,[4.38537008],[0.6 0.4]
Li1+,Bi3+,[4.38450804],[0.6 0.4]
La3+,Ir3+,[4.38269395],[0.6 0.4]
Gd3+,Ta5+,[4.38247321],[0.6 0.4]
Ba2+,Ho3+,[4.38123955],[0.6 0.4]
Gd3+,Cm3+,[4.37576664],[0.6 0.4]
Dy3+,Pu4+,[4.3741997],[0.6 0.4]
Nd3+,Os4+,[4.37226977],[0.6 0.4]
Si4+,Np5+,[4.37170687],[0.6 0.4]
Os4+,Am3+,[4.36784538],[0.6 0.4]
Bi3+,Ac3+,[4.36739188],[0.6 0.4]
Ni2+,Zn2+,[4.36489558],[0.6 0.4]
Co3+,Zn2+,[4.36485776],[0.6 0.4]
K1+,Tb3+,[4.36392644],[0.6 0.4]
Si4+,Tb3+,[4.35910431],[0.6 0.4]
Ce3+,Cm3+,[4.35479238],[0.6 0.4]
Mo4+,Ag1+,[4.35429751],[0.6 0.4]
Pr3+,Re4+,[4.3515666],[0.6 0.4]
Sc3+,Tl1+,[4.34498254],[0.6 0.4]
Ni2+,Nd3+,[4.34463425],[0.6 0.4]
Rb1+,Cm3+,[4.33887729],[0.6 0.4]
Ca2+,Pt2+,[4.33701462],[0.6 0.4]
Sm3+,Re4+,[4.3357942],[0.6 0.4]
Tl1+,Th4+,[4.33517765],[0.6 0.4]
Y3+,Pu4+,[4.33462239],[0.6 0.4]
Li1+,Te2+,[4.33437772],[0.6 0.4]
Cr3+,Bi3+,[4.33284777],[0.6 0.4]
Na1+,Mg2+,[4.33089658],[0.6 0.4]
Bi3+,Cm3+,[4.33005209],[0.6 0.4]
Rb1+,Pa5+,[4.32382129],[0.6 0.4]
Te2+,Ra2+,[4.32286323],[0.6 0.4]
Mn2+,Lu3+,[4.32229674],[0.6 0.4]
Re4+,Bk3+,[4.32203206],[0.6 0.4]
Yb3+,Bk3+,[4.32102032],[0.6 0.4]
Nb5+,Pr3+,[4.31811066],[0.6 0.4]
Hf4+,Ra2+,[4.31564908],[0.6 0.4]
Pd4+,Hg1+,[4.31564549],[0.6 0.4]
Fe3+,Ba2+,[4.31538588],[0.6 0.4]
Pd4+,Ho3+,[4.31259472],[0.6 0.4]
Pt2+,Ac3+,[4.31228438],[0.6 0.4]
Pm3+,Re4+,[4.31208147],[0.6 0.4]
W6+,Hg1+,[4.31171691],[0.6 0.4]
K1+,Sb3+,[4.30952377],[0.6 0.4]
Os4+,Ac3+,[4.30910331],[0.6 0.4]
Fe3+,Pb2+,[4.30810114],[0.6 0.4]
Y3+,Pa5+,[4.30709666],[0.6 0.4]
Er3+,Th4+,[4.30601171],[0.6 0.4]
Sb3+,U6+,[4.30366095],[0.6 0.4]
Ba2+,Re4+,[4.30192763],[0.6 0.4]
Mg2+,Pb2+,[4.30140464],[0.6 0.4]
Ni2+,Y3+,[4.29988542],[0.6 0.4]
Sm3+,Ac3+,[4.29820978],[0.6 0.4]
Nd3+,Pu4+,[4.29749685],[0.6 0.4]
Rb1+,Am3+,[4.29732267],[0.6 0.4]
Si4+,Dy3+,[4.29666424],[0.6 0.4]
K1+,Dy3+,[4.29617126],[0.6 0.4]
Bi3+,Bk3+,[4.2957273],[0.6 0.4]
Ho3+,Pu4+,[4.29541959],[0.6 0.4]
Ga3+,Ho3+,[4.29536828],[0.6 0.4]
K1+,V5+,[4.29365967],[0.6 0.4]
Dy3+,Ta5+,[4.29356859],[0.6 0.4]
Ni2+,Ce3+,[4.29279158],[0.6 0.4]
Cr3+,Te2+,[4.29197576],[0.6 0.4]
Be2+,Pb2+,[4.29114691],[0.6 0.4]
Rb1+,Ac3+,[4.29098835],[0.6 0.4]
Ce3+,Pm3+,[4.29056777],[0.6 0.4]
Sr2+,Am3+,[4.28951202],[0.6 0.4]
Ba2+,Tm3+,[4.28917706],[0.6 0.4]
Rb1+,Zr4+,[4.28876103],[0.6 0.4]
Ce3+,Bk3+,[4.28856714],[0.6 0.4]
Fe3+,Mo4+,[4.28535857],[0.6 0.4]
W6+,Ra2+,[4.28391924],[0.6 0.4]
Ba2+,Pb2+,[4.28295893],[0.6 0.4]
Be2+,K1+,[4.28231036],[0.6 0.4]
Ru3+,Pb2+,[4.28192448],[0.6 0.4]
Rb1+,Bk3+,[4.28157165],[0.6 0.4]
Tb3+,Ac3+,[4.28001565],[0.6 0.4]
Ir3+,Hg1+,[4.27556387],[0.6 0.4]
Ta5+,W6+,[4.27502891],[0.6 0.4]
Ho3+,Pa5+,[4.27114341],[0.6 0.4]
Th4+,Pa5+,[4.26957434],[0.6 0.4]
Mn2+,Nb5+,[4.26888586],[0.6 0.4]
Ti4+,Fe3+,[4.26626166],[0.6 0.4]
K1+,Lu3+,[4.25972939],[0.6 0.4]
Co3+,Nb5+,[4.25962946],[0.6 0.4]
Si4+,K1+,[4.25962601],[0.6 0.4]
Al3+,Lu3+,[4.25778011],[0.6 0.4]
Au3+,Hg1+,[4.25747147],[0.6 0.4]
Eu3+,Pa5+,[4.25603479],[0.6 0.4]
Th4+,U6+,[4.25573233],[0.6 0.4]
Ce3+,Hf4+,[4.25549377],[0.6 0.4]
Be2+,Pa5+,[4.25427509],[0.6 0.4]
Nb5+,Dy3+,[4.25159066],[0.6 0.4]
Li1+,Au3+,[4.25135487],[0.6 0.4]
Ag1+,Yb3+,[4.24975779],[0.6 0.4]
Hf4+,Cm3+,[4.2487336],[0.6 0.4]
V5+,W6+,[4.24575281],[0.6 0.4]
Mo4+,Rh3+,[4.24361066],[0.6 0.4]
Ba2+,Po2+,[4.24264222],[0.6 0.4]
Fe3+,Cd2+,[4.24208833],[0.6 0.4]
Eu3+,Bk3+,[4.2415481],[0.6 0.4]
K1+,Po2+,[4.24114907],[0.6 0.4]
Pt2+,Am3+,[4.23644799],[0.6 0.4]
K1+,Nb5+,[4.23553097],[0.6 0.4]
Ni2+,Tm3+,[4.23414104],[0.6 0.4]
Mn2+,Cd2+,[4.23368794],[0.6 0.4]
Er3+,Am3+,[4.23177606],[0.6 0.4]
Dy3+,Ac3+,[4.23002863],[0.6 0.4]
Te2+,Bi3+,[4.22768954],[0.6 0.4]
Pm3+,Ac3+,[4.2275356],[0.6 0.4]
Eu3+,Ac3+,[4.227505],[0.6 0.4]
Ni2+,Pb2+,[4.22679766],[0.6 0.4]
Ti4+,Pu4+,[4.22658973],[0.6 0.4]
Fe3+,Ta5+,[4.2265013],[0.6 0.4]
Hf4+,Pa5+,[4.22534607],[0.6 0.4]
Pm3+,Hg1+,[4.22525992],[0.6 0.4]
Er3+,Cm3+,[4.22429581],[0.6 0.4]
Cr3+,Hg1+,[4.22354188],[0.6 0.4]
Zr4+,Sm3+,[4.22243821],[0.6 0.4]
V5+,Pu4+,[4.22148306],[0.6 0.4]
Ti4+,Cu2+,[4.22135359],[0.6 0.4]
Na1+,La3+,[4.2205234],[0.6 0.4]
Ba2+,Lu3+,[4.21996275],[0.6 0.4]
Mn2+,Mo4+,[4.21750912],[0.6 0.4]
Fe3+,Pm3+,[4.21731172],[0.6 0.4]
Ga3+,Hg1+,[4.21675715],[0.6 0.4]
Sm3+,W6+,[4.21665378],[0.6 0.4]
Rb1+,Sn2+,[4.21559369],[0.6 0.4]
Sm3+,Yb3+,[4.21238615],[0.6 0.4]
Ga3+,Cs1+,[4.20848147],[0.6 0.4]
Re4+,Ra2+,[4.20612343],[0.6 0.4]
Tb3+,Bi3+,[4.20598252],[0.6 0.4]
Er3+,Pu4+,[4.20447105],[0.6 0.4]
Ti4+,Bk3+,[4.20407206],[0.6 0.4]
Tc4+,Pr3+,[4.2036436],[0.6 0.4]
In3+,Tl1+,[4.20229911],[0.6 0.4]
Sb3+,Pb2+,[4.20111087],[0.6 0.4]
Rb1+,Th4+,[4.20046262],[0.6 0.4]
Mo4+,Te2+,[4.2001322],[0.6 0.4]
Be2+,Re4+,[4.19863586],[0.6 0.4]
Cr3+,Ta5+,[4.19706426],[0.6 0.4]
Pm3+,Cm3+,[4.19533924],[0.6 0.4]
Nb5+,Th4+,[4.19515077],[0.6 0.4]
In3+,Po2+,[4.19202645],[0.6 0.4]
La3+,Pr3+,[4.19128488],[0.6 0.4]
W6+,Bk3+,[4.19015527],[0.6 0.4]
Eu3+,W6+,[4.18805388],[0.6 0.4]
Pt2+,Cm3+,[4.18777758],[0.6 0.4]
Pd4+,Tm3+,[4.18516282],[0.6 0.4]
Cr3+,Tl1+,[4.18484392],[0.6 0.4]
Bi3+,Fr1+,[4.17977406],[0.6 0.4]
Cu2+,Dy3+,[4.17651226],[0.6 0.4]
Ba2+,Os4+,[4.1760328],[0.6 0.4]
Fe3+,Sn2+,[4.17536563],[0.6 0.4]
Ra2+,Pu4+,[4.17307126],[0.6 0.4]
Zr4+,Pa5+,[4.16988764],[0.6 0.4]
Yb3+,Th4+,[4.16942713],[0.6 0.4]
Te2+,Po2+,[4.16927812],[0.6 0.4]
In3+,Cm3+,[4.16918999],[0.6 0.4]
Ta5+,Po2+,[4.16855989],[0.6 0.4]
W6+,Po2+,[4.16265878],[0.6 0.4]
Sr2+,Np5+,[4.16225945],[0.6 0.4]
Cu2+,Pr3+,[4.16137274],[0.6 0.4]
K1+,Cr3+,[4.16094053],[0.6 0.4]
Mg2+,Ac3+,[4.15804092],[0.6 0.4]
In3+,Te2+,[4.15703242],[0.6 0.4]
Na1+,Ni2+,[4.15593083],[0.6 0.4]
Tl1+,Np5+,[4.15401789],[0.6 0.4]
Bi3+,Th4+,[4.15331683],[0.6 0.4]
Ba2+,Tl1+,[4.15142466],[0.6 0.4]
La3+,Pm3+,[4.15070631],[0.6 0.4]
Ni2+,Tl1+,[4.14988203],[0.6 0.4]
Co3+,Y3+,[4.1489595],[0.6 0.4]
Zn2+,Sb3+,[4.14772063],[0.6 0.4]
Nd3+,Cm3+,[4.14662],[0.6 0.4]
Ni2+,Eu3+,[4.14320987],[0.6 0.4]
Tb3+,Po2+,[4.1400701],[0.6 0.4]
Tm3+,Ac3+,[4.13889897],[0.6 0.4]
Ta5+,Pu4+,[4.13877531],[0.6 0.4]
Ni2+,Ga3+,[4.13856759],[0.6 0.4]
Be2+,Ba2+,[4.1350164],[0.6 0.4]
Rb1+,Pt2+,[4.13497458],[0.6 0.4]
Pm3+,Os4+,[4.13391993],[0.6 0.4]
Gd3+,W6+,[4.13275254],[0.6 0.4]
Os4+,Th4+,[4.12904853],[0.6 0.4]
Y3+,Tl1+,[4.12473619],[0.6 0.4]
Zr4+,Pr3+,[4.12407506],[0.6 0.4]
Tb3+,Th4+,[4.12235712],[0.6 0.4]
Cu2+,Sm3+,[4.12212875],[0.6 0.4]
Nd3+,Th4+,[4.12112053],[0.6 0.4]
Pd4+,Gd3+,[4.11990518],[0.6 0.4]
Pd4+,Er3+,[4.11954678],[0.6 0.4]
La3+,Yb3+,[4.11624398],[0.6 0.4]
V5+,Os4+,[4.1151593],[0.6 0.4]
Hf4+,Po2+,[4.11403708],[0.6 0.4]
Hf4+,Am3+,[4.11225849],[0.6 0.4]
Tc4+,Tl1+,[4.11140426],[0.6 0.4]
Cr3+,Cd2+,[4.11095204],[0.6 0.4]
Na1+,Po2+,[4.11036407],[0.6 0.4]
Tc4+,Cm3+,[4.10805713],[0.6 0.4]
Tc4+,Eu3+,[4.10403223],[0.6 0.4]
Pd4+,Pa5+,[4.10180572],[0.6 0.4]
Ni2+,Bi3+,[4.09949855],[0.6 0.4]
Sr2+,Cm3+,[4.09928955],[0.6 0.4]
Mn2+,W6+,[4.09615387],[0.6 0.4]
Mn2+,Cs1+,[4.09306311],[0.6 0.4]
Be2+,Tl1+,[4.09114153],[0.6 0.4]
Ra2+,Ac3+,[4.09043826],[0.6 0.4]
Co3+,Cu2+,[4.0893575],[0.6 0.4]
Nb5+,Gd3+,[4.08908832],[0.6 0.4]
Ga3+,Pb2+,[4.08856357],[0.6 0.4]
Te2+,Pb2+,[4.08796337],[0.6 0.4]
Cd2+,Eu3+,[4.08744496],[0.6 0.4]
Cu2+,Hg1+,[4.08327728],[0.6 0.4]
Sm3+,Pa5+,[4.08278702],[0.6 0.4]
Nd3+,Am3+,[4.08232354],[0.6 0.4]
Er3+,Bk3+,[4.07956764],[0.6 0.4]
Pr3+,Bk3+,[4.07877695],[0.6 0.4]
Rb1+,Po2+,[4.07806807],[0.6 0.4]
Re4+,Cm3+,[4.07760158],[0.6 0.4]
Ru3+,Hg1+,[4.0772679],[0.6 0.4]
Pt2+,Bk3+,[4.077029],[0.6 0.4]
Tc4+,Os4+,[4.07697216],[0.6 0.4]
Tl1+,Am3+,[4.07616778],[0.6 0.4]
In3+,Th4+,[4.07419808],[0.6 0.4]
Sn2+,Np5+,[4.07418638],[0.6 0.4]
Dy3+,Po2+,[4.0737815],[0.6 0.4]
Pm3+,Am3+,[4.07310336],[0.6 0.4]
Cu2+,Zr4+,[4.06971341],[0.6 0.4]
Lu3+,Bk3+,[4.06649905],[0.6 0.4]
Mo4+,Fr1+,[4.06630107],[0.6 0.4]
Co3+,Tl1+,[4.06161753],[0.6 0.4]
Rb1+,Sm3+,[4.06140546],[0.6 0.4]
Mn2+,Hf4+,[4.06124248],[0.6 0.4]
Ti4+,Te2+,[4.0610105],[0.6 0.4]
Eu3+,Re4+,[4.05933764],[0.6 0.4]
Pt2+,Pb2+,[4.05416714],[0.6 0.4]
V5+,Po2+,[4.0536484],[0.6 0.4]
Ga3+,Dy3+,[4.05346948],[0.6 0.4]
La3+,Nd3+,[4.05172037],[0.6 0.4]
Nb5+,Ra2+,[4.05150392],[0.6 0.4]
Rb1+,Pr3+,[4.05089525],[0.6 0.4]
Zr4+,Ac3+,[4.05041062],[0.6 0.4]
Tc4+,Bk3+,[4.04980557],[0.6 0.4]
Ba2+,Th4+,[4.04926277],[0.6 0.4]
Cr3+,Ba2+,[4.04680911],[0.6 0.4]
Sc3+,Th4+,[4.04624479],[0.6 0.4]
Tc4+,Am3+,[4.04577097],[0.6 0.4]
Gd3+,Po2+,[4.04306072],[0.6 0.4]
Dy3+,Bi3+,[4.03880231],[0.6 0.4]
Cu2+,Tc4+,[4.03862345],[0.6 0.4]
Sm3+,Er3+,[4.03759163],[0.6 0.4]
Er3+,Pa5+,[4.03419047],[0.6 0.4]
In3+,U6+,[4.03344107],[0.6 0.4]
Ho3+,Ac3+,[4.03182601],[0.6 0.4]
Co3+,Eu3+,[4.03178605],[0.6 0.4]
Li1+,Ag1+,[4.03134639],[0.6 0.4]
Eu3+,Bi3+,[4.02707065],[0.6 0.4]
Ni2+,Pd4+,[4.02671948],[0.6 0.4]
Zr4+,Cm3+,[4.02521501],[0.6 0.4]
Nb5+,Eu3+,[4.02492993],[0.6 0.4]
Eu3+,Po2+,[4.02417413],[0.6 0.4]
Cd2+,Hg1+,[4.02199074],[0.6 0.4]
Si4+,Eu3+,[4.02103515],[0.6 0.4]
Ga3+,Yb3+,[4.02087953],[0.6 0.4]
Pa5+,Np5+,[4.01998414],[0.6 0.4]
Co3+,Pb2+,[4.01984871],[0.6 0.4]
Nd3+,Hg1+,[4.01799435],[0.6 0.4]
Ba2+,Pa5+,[4.01442569],[0.6 0.4]
Pd4+,Ba2+,[4.01329174],[0.6 0.4]
Pr3+,Yb3+,[4.01063812],[0.6 0.4]
Tb3+,W6+,[4.01055462],[0.6 0.4]
Pb2+,Th4+,[4.01043018],[0.6 0.4]
Tl1+,Cm3+,[4.00829165],[0.6 0.4]
Nb5+,Pd4+,[4.00798469],[0.6 0.4]
Os4+,Pu4+,[4.00749576],[0.6 0.4]
Dy3+,Th4+,[4.0071486],[0.6 0.4]
Sm3+,Bk3+,[4.00492057],[0.6 0.4]
Yb3+,Bi3+,[4.00058566],[0.6 0.4]
Tc4+,Po2+,[4.00001865],[0.6 0.4]
Yb3+,Pa5+,[3.99924507],[0.6 0.4]
Ta5+,Am3+,[3.99792876],[0.6 0.4]
Sm3+,Ho3+,[3.99792593],[0.6 0.4]
Ru3+,Bk3+,[3.99766535],[0.6 0.4]
Sb3+,Np5+,[3.99697644],[0.6 0.4]
Gd3+,Bi3+,[3.99577249],[0.6 0.4]
Fe3+,Nd3+,[3.99444181],[0.6 0.4]
Fe3+,Tl1+,[3.99374304],[0.6 0.4]
Cu2+,Eu3+,[3.99369233],[0.6 0.4]
In3+,Am3+,[3.99348759],[0.6 0.4]
Ta5+,U6+,[3.99305618],[0.6 0.4]
Zr4+,Os4+,[3.99062422],[0.6 0.4]
Sc3+,Bi3+,[3.99045644],[0.6 0.4]
Rb1+,Pm3+,[3.98944346],[0.6 0.4]
Ti4+,Th4+,[3.98773577],[0.6 0.4]
Pt2+,Pa5+,[3.98660434],[0.6 0.4]
W6+,Ac3+,[3.98390806],[0.6 0.4]
Rb1+,La3+,[3.98319279],[0.6 0.4]
Tm3+,Bk3+,[3.98255991],[0.6 0.4]
Lu3+,Am3+,[3.98162924],[0.6 0.4]
Ir3+,Ac3+,[3.97984511],[0.6 0.4]
Mn2+,Pu4+,[3.97835696],[0.6 0.4]
Si4+,Pa5+,[3.97732709],[0.6 0.4]
Ru3+,Pd4+,[3.97646118],[0.6 0.4]
Sb3+,Pu4+,[3.9739227],[0.6 0.4]
Sc3+,U6+,[3.970524],[0.6 0.4]
Ho3+,Bk3+,[3.97041403],[0.6 0.4]
Ga3+,Er3+,[3.96831855],[0.6 0.4]
V5+,Th4+,[3.96772456],[0.6 0.4]
V5+,Cm3+,[3.96763684],[0.6 0.4]
Co3+,Pm3+,[3.96753572],[0.6 0.4]
Sc3+,Np5+,[3.96600931],[0.6 0.4]
Ru3+,Pr3+,[3.96460135],[0.6 0.4]
Zr4+,Am3+,[3.96130778],[0.6 0.4]
V5+,Bk3+,[3.96123653],[0.6 0.4]
Hf4+,U6+,[3.95923728],[0.6 0.4]
Ru3+,Eu3+,[3.95904618],[0.6 0.4]
Mo4+,Hf4+,[3.95823677],[0.6 0.4]
Ce3+,Ir3+,[3.95647984],[0.6 0.4]
Y3+,U6+,[3.95618137],[0.6 0.4]
Si4+,Tm3+,[3.95252058],[0.6 0.4]
Yb3+,Re4+,[3.9521627],[0.6 0.4]
Lu3+,Tl1+,[3.95021222],[0.6 0.4]
Be2+,Pr3+,[3.94874612],[0.6 0.4]
Fe3+,Yb3+,[3.94870908],[0.6 0.4]
Rb1+,Eu3+,[3.9466723],[0.6 0.4]
La3+,Pu4+,[3.94480464],[0.6 0.4]
Nb5+,Te2+,[3.94448528],[0.6 0.4]
Y3+,Np5+,[3.94423076],[0.6 0.4]
Ho3+,Fr1+,[3.94391099],[0.6 0.4]
W6+,Pu4+,[3.94176328],[0.6 0.4]
Os4+,Bk3+,[3.93897693],[0.6 0.4]
Fe3+,Ga3+,[3.93730255],[0.6 0.4]
Gd3+,Pa5+,[3.93650048],[0.6 0.4]
Ni2+,Pm3+,[3.93362278],[0.6 0.4]
K1+,Zr4+,[3.93085069],[0.6 0.4]
Fr1+,Th4+,[3.93010165],[0.6 0.4]
K1+,Sc3+,[3.92967329],[0.6 0.4]
Re4+,Np5+,[3.92959911],[0.6 0.4]
Sc3+,Po2+,[3.92848285],[0.6 0.4]
Sm3+,Pu4+,[3.92676387],[0.6 0.4]
In3+,Tb3+,[3.92656752],[0.6 0.4]
Ir3+,Bk3+,[3.92615499],[0.6 0.4]
Li1+,Cd2+,[3.9227179],[0.6 0.4]
Ta5+,Ac3+,[3.92227915],[0.6 0.4]
Th4+,Np5+,[3.92201039],[0.6 0.4]
Sn2+,Yb3+,[3.92053003],[0.6 0.4]
Li1+,In3+,[3.91998182],[0.6 0.4]
Gd3+,Th4+,[3.91392534],[0.6 0.4]
Fe3+,Fr1+,[3.91385996],[0.6 0.4]
Ca2+,Rh3+,[3.91341282],[0.6 0.4]
Eu3+,Tl1+,[3.91314522],[0.6 0.4]
Cd2+,Tl1+,[3.91000321],[0.6 0.4]
Pm3+,Lu3+,[3.90967161],[0.6 0.4]
Co3+,Pu4+,[3.90806836],[0.6 0.4]
V5+,Cs1+,[3.90739868],[0.6 0.4]
Mn2+,Sn2+,[3.90668291],[0.6 0.4]
Lu3+,Pa5+,[3.906655],[0.6 0.4]
Na1+,Bk3+,[3.9035931],[0.6 0.4]
Rh3+,Hg1+,[3.90339858],[0.6 0.4]
Rh3+,Ce3+,[3.90199531],[0.6 0.4]
Pd4+,Eu3+,[3.90170413],[0.6 0.4]
Rh3+,Yb3+,[3.90087691],[0.6 0.4]
Ba2+,Pu4+,[3.90053524],[0.6 0.4]
Zn2+,Ru3+,[3.90030881],[0.6 0.4]
Rb1+,Ce3+,[3.90023705],[0.6 0.4]
Sc3+,Pu4+,[3.89818866],[0.6 0.4]
Si4+,Cm3+,[3.8975843],[0.6 0.4]
Pd4+,Th4+,[3.89748314],[0.6 0.4]
Po2+,Fr1+,[3.89535073],[0.6 0.4]
Cd2+,Tm3+,[3.89522393],[0.6 0.4]
Pm3+,Yb3+,[3.89510561],[0.6 0.4]
Eu3+,Th4+,[3.89503421],[0.6 0.4]
Rh3+,Pr3+,[3.89425718],[0.6 0.4]
Zr4+,W6+,[3.89417996],[0.6 0.4]
Rb1+,Hg1+,[3.89291865],[0.6 0.4]
Co3+,Nd3+,[3.89273962],[0.6 0.4]
Ca2+,U6+,[3.89177594],[0.6 0.4]
Na1+,V5+,[3.887313],[0.6 0.4]
In3+,Hg1+,[3.8868066],[0.6 0.4]
Na1+,Al3+,[3.88373643],[0.6 0.4]
Pt2+,Tl1+,[3.88365835],[0.6 0.4]
Zn2+,Tb3+,[3.88352333],[0.6 0.4]
Zr4+,Pu4+,[3.88310599],[0.6 0.4]
Si4+,Hg1+,[3.88029406],[0.6 0.4]
Lu3+,Cm3+,[3.87747208],[0.6 0.4]
Ga3+,Ir3+,[3.8763236],[0.6 0.4]
Ti4+,Am3+,[3.87629407],[0.6 0.4]
Bi3+,Pa5+,[3.87625943],[0.6 0.4]
Yb3+,Cm3+,[3.87619876],[0.6 0.4]
V5+,Sb3+,[3.87574787],[0.6 0.4]
Fe3+,Pa5+,[3.87567882],[0.6 0.4]
Fe3+,La3+,[3.87517728],[0.6 0.4]
Li1+,Zn2+,[3.87442666],[0.6 0.4]
Tc4+,Bi3+,[3.872878],[0.6 0.4]
Cu2+,Y3+,[3.87159662],[0.6 0.4]
Nd3+,Yb3+,[3.87007112],[0.6 0.4]
K1+,Sn2+,[3.86890924],[0.6 0.4]
Os4+,Cm3+,[3.86704319],[0.6 0.4]
Sb3+,Tl1+,[3.86699582],[0.6 0.4]
Yb3+,Am3+,[3.86423572],[0.6 0.4]
Os4+,Tl1+,[3.86388001],[0.6 0.4]
Zr4+,Bi3+,[3.86303246],[0.6 0.4]
W6+,Pb2+,[3.86273889],[0.6 0.4]
Cr3+,Sb3+,[3.86265144],[0.6 0.4]
Fr1+,Cm3+,[3.85951719],[0.6 0.4]
Nb5+,Sm3+,[3.85810373],[0.6 0.4]
Ti4+,Cm3+,[3.85396419],[0.6 0.4]
Na1+,Ce3+,[3.85245891],[0.6 0.4]
Co3+,In3+,[3.85153518],[0.6 0.4]
Te2+,Ho3+,[3.85143281],[0.6 0.4]
Si4+,Bk3+,[3.85054324],[0.6 0.4]
Sn2+,Bk3+,[3.84995615],[0.6 0.4]
Sm3+,Th4+,[3.8477056],[0.6 0.4]
Ru3+,Pm3+,[3.84627653],[0.6 0.4]
Ni2+,Pu4+,[3.84588572],[0.6 0.4]
Pd4+,Tb3+,[3.84506633],[0.6 0.4]
Cu2+,Cd2+,[3.84366121],[0.6 0.4]
Rh3+,Hf4+,[3.84341187],[0.6 0.4]
Ga3+,Ra2+,[3.84272455],[0.6 0.4]
Cu2+,Zn2+,[3.83817051],[0.6 0.4]
Eu3+,Pu4+,[3.83653279],[0.6 0.4]
Tb3+,Pa5+,[3.83622996],[0.6 0.4]
Au3+,Bk3+,[3.83083062],[0.6 0.4]
Pr3+,Pu4+,[3.83066823],[0.6 0.4]
Mn2+,Pa5+,[3.82311737],[0.6 0.4]
Ir3+,Am3+,[3.82291279],[0.6 0.4]
Fe3+,Zr4+,[3.82231919],[0.6 0.4]
Sm3+,Bi3+,[3.82154646],[0.6 0.4]
Rb1+,Tb3+,[3.82117475],[0.6 0.4]
Sc3+,Cm3+,[3.81987646],[0.6 0.4]
Ce3+,Pu4+,[3.81950191],[0.6 0.4]
Sc3+,Pa5+,[3.81908258],[0.6 0.4]
Cu2+,In3+,[3.81874446],[0.6 0.4]
Al3+,Hg1+,[3.81785419],[0.6 0.4]
Tm3+,Po2+,[3.81720189],[0.6 0.4]
Li1+,Ga3+,[3.81580431],[0.6 0.4]
Tc4+,Sm3+,[3.8157454],[0.6 0.4]
Rh3+,Eu3+,[3.81496428],[0.6 0.4]
Ti4+,Np5+,[3.81081258],[0.6 0.4]
Cr3+,Co3+,[3.81044401],[0.6 0.4]
Gd3+,Re4+,[3.8099139],[0.6 0.4]
Dy3+,Pa5+,[3.80931608],[0.6 0.4]
Sn2+,Sm3+,[3.8092339],[0.6 0.4]
Ti4+,Tl1+,[3.80836596],[0.6 0.4]
Sr2+,Cd2+,[3.80659403],[0.6 0.4]
Pr3+,Pb2+,[3.80609642],[0.6 0.4]
Mn2+,Bi3+,[3.80563742],[0.6 0.4]
Cd2+,Sn2+,[3.80298822],[0.6 0.4]
V5+,Pa5+,[3.80208555],[0.6 0.4]
V5+,Am3+,[3.79893654],[0.6 0.4]
Te2+,U6+,[3.79839889],[0.6 0.4]
Fe3+,Cu2+,[3.79826766],[0.6 0.4]
Rb1+,Dy3+,[3.79729574],[0.6 0.4]
Y3+,Am3+,[3.79630035],[0.6 0.4]
Eu3+,Am3+,[3.79626469],[0.6 0.4]
K1+,In3+,[3.79569762],[0.6 0.4]
Sr2+,Os4+,[3.79260482],[0.6 0.4]
Mn2+,Po2+,[3.79206187],[0.6 0.4]
Zn2+,Tc4+,[3.79187315],[0.6 0.4]
Ir3+,Pu4+,[3.79186825],[0.6 0.4]
Cu2+,Ag1+,[3.79170303],[0.6 0.4]
Ga3+,Tl1+,[3.7902484],[0.6 0.4]
Yb3+,Po2+,[3.78650615],[0.6 0.4]
Rb1+,Gd3+,[3.78518559],[0.6 0.4]
W6+,Th4+,[3.78283894],[0.6 0.4]
W6+,Cm3+,[3.78250718],[0.6 0.4]
Cs1+,Ce3+,[3.78196818],[0.6 0.4]
Ni2+,Lu3+,[3.77955096],[0.6 0.4]
Nb5+,Po2+,[3.7773738],[0.6 0.4]
Rb1+,Ba2+,[3.77621194],[0.6 0.4]
Eu3+,Cm3+,[3.77609968],[0.6 0.4]
Pd4+,Dy3+,[3.77556585],[0.6 0.4]
Ti4+,Bi3+,[3.77469493],[0.6 0.4]
Sr2+,Hg1+,[3.77370029],[0.6 0.4]
Sm3+,Po2+,[3.77268023],[0.6 0.4]
V5+,Rb1+,[3.77267003],[0.6 0.4]
Mg2+,U6+,[3.77266328],[0.6 0.4]
Cr3+,Fr1+,[3.77238275],[0.6 0.4]
Pd4+,Pr3+,[3.77191024],[0.6 0.4]
V5+,Ni2+,[3.77165563],[0.6 0.4]
Ga3+,Rb1+,[3.7698206],[0.6 0.4]
Ni2+,Ta5+,[3.76939962],[0.6 0.4]
Ba2+,Np5+,[3.76873911],[0.6 0.4]
Ta5+,Ir3+,[3.76857359],[0.6 0.4]
Mn2+,Ra2+,[3.76150349],[0.6 0.4]
Au3+,Cm3+,[3.76020259],[0.6 0.4]
Zr4+,Pt2+,[3.75980296],[0.6 0.4]
Gd3+,Ac3+,[3.75693455],[0.6 0.4]
Os4+,Ra2+,[3.7566832],[0.6 0.4]
Lu3+,Th4+,[3.75578531],[0.6 0.4]
Ta5+,Fr1+,[3.75405282],[0.6 0.4]
Th4+,Pu4+,[3.75252409],[0.6 0.4]
Si4+,Pu4+,[3.75246876],[0.6 0.4]
K1+,Bi3+,[3.75103074],[0.6 0.4]
Rb1+,Yb3+,[3.74975114],[0.6 0.4]
Au3+,Am3+,[3.74974541],[0.6 0.4]
Si4+,Ca2+,[3.74969268],[0.6 0.4]
Co3+,Bi3+,[3.74867838],[0.6 0.4]
Ir3+,Cm3+,[3.74855816],[0.6 0.4]
Fe3+,Os4+,[3.74797295],[0.6 0.4]
Rb1+,In3+,[3.74562861],[0.6 0.4]
Os4+,Pb2+,[3.74381842],[0.6 0.4]
Re4+,Pa5+,[3.74173137],[0.6 0.4]
Cs1+,Pr3+,[3.73962253],[0.6 0.4]
Y3+,Bk3+,[3.73846678],[0.6 0.4]
Al3+,Ac3+,[3.73707936],[0.6 0.4]
Zr4+,Bk3+,[3.73460656],[0.6 0.4]
Sc3+,Cr3+,[3.73282958],[0.6 0.4]
La3+,Hg1+,[3.73212341],[0.6 0.4]
W6+,Au3+,[3.73030178],[0.6 0.4]
Sm3+,Os4+,[3.73017101],[0.6 0.4]
Cs1+,La3+,[3.72929414],[0.6 0.4]
Hg1+,Tl1+,[3.72882761],[0.6 0.4]
Cr3+,Pt2+,[3.72661517],[0.6 0.4]
Ga3+,Lu3+,[3.72366284],[0.6 0.4]
Zr4+,Pd4+,[3.7235353],[0.6 0.4]
Ti4+,Ni2+,[3.72326341],[0.6 0.4]
Tc4+,Th4+,[3.72299808],[0.6 0.4]
Ta5+,Au3+,[3.72199366],[0.6 0.4]
Zn2+,Cd2+,[3.72183969],[0.6 0.4]
Be2+,Hf4+,[3.72157552],[0.6 0.4]
Cs1+,Yb3+,[3.72006884],[0.6 0.4]
Ba2+,U6+,[3.71861301],[0.6 0.4]
Si4+,Pm3+,[3.71779328],[0.6 0.4]
Zn2+,Ra2+,[3.71744657],[0.6 0.4]
Zn2+,Ag1+,[3.7173537],[0.6 0.4]
Li1+,Sn2+,[3.71695386],[0.6 0.4]
Er3+,Fr1+,[3.71588434],[0.6 0.4]
Fr1+,Ac3+,[3.7149401],[0.6 0.4]
Pr3+,U6+,[3.71488737],[0.6 0.4]
Pd4+,Cm3+,[3.71461742],[0.6 0.4]
Mo4+,Cm3+,[3.71254354],[0.6 0.4]
Dy3+,W6+,[3.71103966],[0.6 0.4]
Ta5+,Cm3+,[3.70858173],[0.6 0.4]
Sn2+,Eu3+,[3.70692306],[0.6 0.4]
Si4+,Ag1+,[3.70691626],[0.6 0.4]
K1+,Cd2+,[3.70669712],[0.6 0.4]
Er3+,Ac3+,[3.70172004],[0.6 0.4]
W6+,Fr1+,[3.70162693],[0.6 0.4]
Zr4+,Hg1+,[3.70087077],[0.6 0.4]
W6+,U6+,[3.69972492],[0.6 0.4]
Rh3+,Sm3+,[3.69927498],[0.6 0.4]
Ho3+,Tl1+,[3.69757218],[0.6 0.4]
Ga3+,Tm3+,[3.69748955],[0.6 0.4]
Si4+,Pb2+,[3.69349115],[0.6 0.4]
Cd2+,Tb3+,[3.69186606],[0.6 0.4]
Fe3+,Pu4+,[3.69168761],[0.6 0.4]
Ca2+,Ta5+,[3.69124698],[0.6 0.4]
Ru3+,Gd3+,[3.68993859],[0.6 0.4]
V5+,Fr1+,[3.68784686],[0.6 0.4]
Sn2+,Gd3+,[3.68783308],[0.6 0.4]
V5+,Fe3+,[3.6862012],[0.6 0.4]
Al3+,Bk3+,[3.6840454],[0.6 0.4]
Be2+,Sr2+,[3.6834119],[0.6 0.4]
Ru3+,Sm3+,[3.68338513],[0.6 0.4]
Co3+,Ga3+,[3.6819676],[0.6 0.4]
Cd2+,Pu4+,[3.6794923],[0.6 0.4]
La3+,Bk3+,[3.67908732],[0.6 0.4]
Sm3+,Tl1+,[3.67908486],[0.6 0.4]
Ti4+,Co3+,[3.67847698],[0.6 0.4]
Ca2+,Re4+,[3.67829842],[0.6 0.4]
Rh3+,Gd3+,[3.67771351],[0.6 0.4]
Mo4+,Tm3+,[3.67720084],[0.6 0.4]
Er3+,Po2+,[3.67658365],[0.6 0.4]
Ti4+,Po2+,[3.67495785],[0.6 0.4]
Rb1+,Nd3+,[3.67092599],[0.6 0.4]
Nb5+,Pu4+,[3.66701969],[0.6 0.4]
V5+,Ac3+,[3.66670003],[0.6 0.4]
Sc3+,Te2+,[3.66428718],[0.6 0.4]
Mn2+,Os4+,[3.66377237],[0.6 0.4]
Pr3+,Po2+,[3.66258301],[0.6 0.4]
Yb3+,Ac3+,[3.66096964],[0.6 0.4]
Pr3+,Ac3+,[3.66047402],[0.6 0.4]
Cr3+,Pu4+,[3.6599944],[0.6 0.4]
Ni2+,Yb3+,[3.65996726],[0.6 0.4]
Co3+,Ta5+,[3.65863196],[0.6 0.4]
Ti4+,Pa5+,[3.65276914],[0.6 0.4]
Y3+,Zr4+,[3.65144041],[0.6 0.4]
Os4+,Pt2+,[3.65107735],[0.6 0.4]
Sc3+,Ti4+,[3.64739603],[0.6 0.4]
Ni2+,Re4+,[3.64670598],[0.6 0.4]
Be2+,Ca2+,[3.64505349],[0.6 0.4]
La3+,Cm3+,[3.64272146],[0.6 0.4]
V5+,Co3+,[3.64200069],[0.6 0.4]
Y3+,Sb3+,[3.64199815],[0.6 0.4]
Pd4+,Bk3+,[3.64122527],[0.6 0.4]
Tb3+,Re4+,[3.64096439],[0.6 0.4]
Sb3+,Dy3+,[3.63781602],[0.6 0.4]
Tc4+,Yb3+,[3.63711959],[0.6 0.4]
Ti4+,Sn2+,[3.6364539],[0.6 0.4]
Cs1+,Ba2+,[3.63628307],[0.6 0.4]
La3+,Hf4+,[3.63560681],[0.6 0.4]
Cd2+,Dy3+,[3.63242952],[0.6 0.4]
Na1+,Cr3+,[3.63138605],[0.6 0.4]
Co3+,Yb3+,[3.63076775],[0.6 0.4]
Pr3+,Am3+,[3.62898807],[0.6 0.4]
Hg1+,Ra2+,[3.6280182],[0.6 0.4]
Cr3+,Bk3+,[3.62792309],[0.6 0.4]
Al3+,Am3+,[3.62394622],[0.6 0.4]
Pr3+,Dy3+,[3.62260529],[0.6 0.4]
Cr3+,Pa5+,[3.61381829],[0.6 0.4]
Na1+,Pu4+,[3.61317772],[0.6 0.4]
Ru3+,Tb3+,[3.61277249],[0.6 0.4]
Ba2+,Hg1+,[3.6109563],[0.6 0.4]
Ca2+,Pu4+,[3.61061255],[0.6 0.4]
Os4+,Np5+,[3.61011074],[0.6 0.4]
Si4+,W6+,[3.61010146],[0.6 0.4]
Ce3+,Yb3+,[3.61003158],[0.6 0.4]
Mg2+,Te2+,[3.60872148],[0.6 0.4]
In3+,Bk3+,[3.6053472],[0.6 0.4]
Mn2+,U6+,[3.6041652],[0.6 0.4]
Tc4+,Er3+,[3.60406724],[0.6 0.4]
La3+,Pt2+,[3.60218583],[0.6 0.4]
Cd2+,Bk3+,[3.60029654],[0.6 0.4]
Sn2+,Cm3+,[3.60021701],[0.6 0.4]
Ga3+,Eu3+,[3.60003162],[0.6 0.4]
Ga3+,Fr1+,[3.59832511],[0.6 0.4]
Mg2+,Pu4+,[3.59756736],[0.6 0.4]
Ru3+,Nd3+,[3.59658241],[0.6 0.4]
Yb3+,Tl1+,[3.59587766],[0.6 0.4]
Cd2+,Er3+,[3.59522289],[0.6 0.4]
Te2+,Gd3+,[3.59247275],[0.6 0.4]
Mn2+,Bk3+,[3.5898254],[0.6 0.4]
Si4+,Ac3+,[3.58797176],[0.6 0.4]
Be2+,W6+,[3.58780477],[0.6 0.4]
Te2+,Tm3+,[3.58654199],[0.6 0.4]
Cd2+,Ho3+,[3.58573022],[0.6 0.4]
Te2+,Pr3+,[3.58365412],[0.6 0.4]
Mo4+,Pu4+,[3.58354082],[0.6 0.4]
Pm3+,Np5+,[3.58091571],[0.6 0.4]
Ni2+,La3+,[3.57938929],[0.6 0.4]
Sb3+,Yb3+,[3.57835451],[0.6 0.4]
Ti4+,Fr1+,[3.57813799],[0.6 0.4]
Mn2+,Pt2+,[3.57792046],[0.6 0.4]
Sn2+,Cs1+,[3.57670266],[0.6 0.4]
Pr3+,Cm3+,[3.57659484],[0.6 0.4]
Sb3+,Fr1+,[3.57658856],[0.6 0.4]
Ba2+,Cm3+,[3.57434702],[0.6 0.4]
Ba2+,Am3+,[3.57433563],[0.6 0.4]
Nd3+,Sm3+,[3.5741304],[0.6 0.4]
Te2+,Bk3+,[3.57367624],[0.6 0.4]
Sb3+,Tb3+,[3.57255347],[0.6 0.4]
Si4+,Hf4+,[3.57099605],[0.6 0.4]
Zr4+,Np5+,[3.56886928],[0.6 0.4]
Co3+,Pt2+,[3.56814433],[0.6 0.4]
Cr3+,Th4+,[3.56783713],[0.6 0.4]
Te2+,Sm3+,[3.56715329],[0.6 0.4]
Tc4+,Pu4+,[3.56698555],[0.6 0.4]
Tm3+,Fr1+,[3.56438871],[0.6 0.4]
V5+,Np5+,[3.55916242],[0.6 0.4]
Be2+,Sc3+,[3.5588814],[0.6 0.4]
Fe3+,Bi3+,[3.5582886],[0.6 0.4]
Sm3+,Am3+,[3.55826825],[0.6 0.4]
Au3+,Ac3+,[3.55791891],[0.6 0.4]
In3+,Ba2+,[3.55671317],[0.6 0.4]
Ho3+,Po2+,[3.55539266],[0.6 0.4]
Ba2+,Pr3+,[3.55534279],[0.6 0.4]
Pr3+,Pa5+,[3.55483282],[0.6 0.4]
Mn2+,Ru3+,[3.55479562],[0.6 0.4]
Al3+,Re4+,[3.55299931],[0.6 0.4]
Na1+,Np5+,[3.55078859],[0.6 0.4]
K1+,Co3+,[3.54823675],[0.6 0.4]
Zn2+,Dy3+,[3.54406276],[0.6 0.4]
Fe3+,Tc4+,[3.54280811],[0.6 0.4]
Pr3+,Th4+,[3.54263265],[0.6 0.4]
Dy3+,Re4+,[3.54244699],[0.6 0.4]
La3+,Pa5+,[3.54234851],[0.6 0.4]
Rh3+,Pa5+,[3.5399149],[0.6 0.4]
Lu3+,Ac3+,[3.53957126],[0.6 0.4]
V5+,Sn2+,[3.53913167],[0.6 0.4]
Be2+,U6+,[3.53683314],[0.6 0.4]
Mn2+,Np5+,[3.53642739],[0.6 0.4]
Ba2+,Ra2+,[3.53631847],[0.6 0.4]
Ru3+,Po2+,[3.53577193],[0.6 0.4]
Sn2+,Ra2+,[3.53456521],[0.6 0.4]
In3+,Ra2+,[3.53437266],[0.6 0.4]
Sn2+,Tb3+,[3.53298211],[0.6 0.4]
K1+,Ga3+,[3.53284953],[0.6 0.4]
Ti4+,Mo4+,[3.53001234],[0.6 0.4]
Tm3+,Tl1+,[3.5296471],[0.6 0.4]
Ni2+,U6+,[3.52251085],[0.6 0.4]
Yb3+,Hf4+,[3.52151386],[0.6 0.4]
Cr3+,Cu2+,[3.52022528],[0.6 0.4]
Rh3+,Sb3+,[3.51875825],[0.6 0.4]
Ru3+,W6+,[3.51812733],[0.6 0.4]
Te2+,Hf4+,[3.51772431],[0.6 0.4]
Sn2+,Am3+,[3.51756024],[0.6 0.4]
Rb1+,Cd2+,[3.5164112],[0.6 0.4]
Fr1+,Pu4+,[3.5146345],[0.6 0.4]
Sn2+,W6+,[3.51164302],[0.6 0.4]
K1+,Zn2+,[3.51130123],[0.6 0.4]
Tl1+,Fr1+,[3.50533385],[0.6 0.4]
Si4+,Y3+,[3.5052937],[0.6 0.4]
Os4+,Pa5+,[3.50518901],[0.6 0.4]
Rh3+,Pm3+,[3.5048087],[0.6 0.4]
Pt2+,Pu4+,[3.50459574],[0.6 0.4]
Fe3+,Cs1+,[3.50378697],[0.6 0.4]
Er3+,Tl1+,[3.50177549],[0.6 0.4]
Sn2+,Sb3+,[3.50069001],[0.6 0.4]
Ti4+,U6+,[3.50058611],[0.6 0.4]
Mg2+,Hg1+,[3.49937754],[0.6 0.4]
Si4+,Tl1+,[3.49804051],[0.6 0.4]
Mg2+,Am3+,[3.4974921],[0.6 0.4]
Ti4+,Ir3+,[3.49726601],[0.6 0.4]
W6+,Np5+,[3.49685072],[0.6 0.4]
Cs1+,Nd3+,[3.49513108],[0.6 0.4]
Y3+,Cm3+,[3.49395133],[0.6 0.4]
Co3+,Fr1+,[3.49317316],[0.6 0.4]
Be2+,Ce3+,[3.49314947],[0.6 0.4]
Ru3+,Cm3+,[3.49082241],[0.6 0.4]
Sm3+,Tb3+,[3.4906549],[0.6 0.4]
Y3+,Th4+,[3.49001533],[0.6 0.4]
Cs1+,Pm3+,[3.48814469],[0.6 0.4]
Eu3+,Lu3+,[3.48796586],[0.6 0.4]
Ca2+,Sc3+,[3.48622792],[0.6 0.4]
Rh3+,Dy3+,[3.48447521],[0.6 0.4]
Ti4+,Pt2+,[3.48444962],[0.6 0.4]
Pr3+,Eu3+,[3.48300721],[0.6 0.4]
Ga3+,Pd4+,[3.4827347],[0.6 0.4]
Be2+,Pu4+,[3.48163712],[0.6 0.4]
Ga3+,Bk3+,[3.48112849],[0.6 0.4]
Te2+,Er3+,[3.47987387],[0.6 0.4]
Be2+,Os4+,[3.47969989],[0.6 0.4]
Tm3+,Bi3+,[3.47952476],[0.6 0.4]
Ga3+,Ba2+,[3.47877621],[0.6 0.4]
Na1+,Cd2+,[3.47797932],[0.6 0.4]
Rh3+,Er3+,[3.47346207],[0.6 0.4]
Ir3+,Pb2+,[3.47236982],[0.6 0.4]
Nb5+,Pt2+,[3.47156052],[0.6 0.4]
Pr3+,Pm3+,[3.47077343],[0.6 0.4]
Nd3+,Np5+,[3.46975626],[0.6 0.4]
Te2+,Cm3+,[3.46920656],[0.6 0.4]
Ni2+,Sn2+,[3.46814815],[0.6 0.4]
Sb3+,Ra2+,[3.46709081],[0.6 0.4]
Ra2+,Bk3+,[3.46492912],[0.6 0.4]
Pm3+,Pb2+,[3.46460598],[0.6 0.4]
K1+,Cu2+,[3.46401453],[0.6 0.4]
Cr3+,Cm3+,[3.46392758],[0.6 0.4]
Sc3+,Cs1+,[3.46381831],[0.6 0.4]
Ba2+,Bk3+,[3.46345094],[0.6 0.4]
Rh3+,Nd3+,[3.46338906],[0.6 0.4]
Pm3+,Sm3+,[3.46303563],[0.6 0.4]
Be2+,Ta5+,[3.46158047],[0.6 0.4]
Ce3+,Pt2+,[3.46077593],[0.6 0.4]
Cd2+,Pa5+,[3.45839789],[0.6 0.4]
Al3+,Np5+,[3.45814112],[0.6 0.4]
Ta5+,Pa5+,[3.45813644],[0.6 0.4]
Lu3+,Pb2+,[3.45701028],[0.6 0.4]
Si4+,Am3+,[3.45665796],[0.6 0.4]
Sb3+,Er3+,[3.4559753],[0.6 0.4]
Al3+,Ni2+,[3.45516822],[0.6 0.4]
Pd4+,Am3+,[3.454803],[0.6 0.4]
Rh3+,Bk3+,[3.45366569],[0.6 0.4]
Tm3+,Pb2+,[3.45234262],[0.6 0.4]
Rh3+,Am3+,[3.45169032],[0.6 0.4]
Rb1+,Ra2+,[3.45134983],[0.6 0.4]
Tc4+,Ho3+,[3.45056456],[0.6 0.4]
Yb3+,Os4+,[3.44980178],[0.6 0.4]
Ru3+,Sb3+,[3.44814787],[0.6 0.4]
Pr3+,Bi3+,[3.44765492],[0.6 0.4]
Tc4+,Ag1+,[3.44521308],[0.6 0.4]
Tb3+,Tl1+,[3.44446348],[0.6 0.4]
Pd4+,Sm3+,[3.44442637],[0.6 0.4]
Sr2+,Y3+,[3.4439112],[0.6 0.4]
Al3+,Cm3+,[3.44291625],[0.6 0.4]
K1+,Fe3+,[3.44216968],[0.6 0.4]
Mn2+,Fr1+,[3.44207596],[0.6 0.4]
Ce3+,Pa5+,[3.44186666],[0.6 0.4]
Cu2+,Ga3+,[3.44059175],[0.6 0.4]
Al3+,Pr3+,[3.43961202],[0.6 0.4]
Ce3+,Dy3+,[3.4367792],[0.6 0.4]
Fe3+,Ce3+,[3.43654861],[0.6 0.4]
Zn2+,Zr4+,[3.43543405],[0.6 0.4]
Si4+,Tc4+,[3.43537393],[0.6 0.4]
La3+,Dy3+,[3.43437991],[0.6 0.4]
Er3+,Bi3+,[3.43398361],[0.6 0.4]
Pd4+,Yb3+,[3.43010382],[0.6 0.4]
Sr2+,Zr4+,[3.42990318],[0.6 0.4]
Co3+,Ru3+,[3.42961956],[0.6 0.4]
Cs1+,Ra2+,[3.42851728],[0.6 0.4]
Mo4+,Bk3+,[3.42660076],[0.6 0.4]
Zn2+,Rb1+,[3.42426357],[0.6 0.4]
Nb5+,Np5+,[3.42355799],[0.6 0.4]
K1+,Yb3+,[3.42277501],[0.6 0.4]
Nd3+,Eu3+,[3.42250499],[0.6 0.4]
Cd2+,Os4+,[3.42093112],[0.6 0.4]
Mg2+,Sb3+,[3.42057615],[0.6 0.4]
Rh3+,Tb3+,[3.41505603],[0.6 0.4]
Te2+,Eu3+,[3.41467203],[0.6 0.4]
Be2+,Sm3+,[3.41457996],[0.6 0.4]
Pm3+,U6+,[3.4138544],[0.6 0.4]
Y3+,Pb2+,[3.41184409],[0.6 0.4]
Pr3+,Nd3+,[3.41154605],[0.6 0.4]
Ru3+,Am3+,[3.41033395],[0.6 0.4]
Rh3+,Te2+,[3.40947694],[0.6 0.4]
Cr3+,Ra2+,[3.4088861],[0.6 0.4]
Ti4+,Ac3+,[3.40864657],[0.6 0.4]
Ho3+,Bi3+,[3.40782424],[0.6 0.4]
Pd4+,Pu4+,[3.40703094],[0.6 0.4]
Sn2+,Dy3+,[3.40658235],[0.6 0.4]
Co3+,Am3+,[3.40606798],[0.6 0.4]
Sb3+,Nd3+,[3.40556944],[0.6 0.4]
Mo4+,Lu3+,[3.40526398],[0.6 0.4]
Ir3+,Np5+,[3.40311819],[0.6 0.4]
Cd2+,Pb2+,[3.40138195],[0.6 0.4]
Ru3+,Np5+,[3.40094113],[0.6 0.4]
Ca2+,Np5+,[3.39785889],[0.6 0.4]
Re4+,Bi3+,[3.39722127],[0.6 0.4]
Si4+,Nd3+,[3.39605521],[0.6 0.4]
Cd2+,Gd3+,[3.39386832],[0.6 0.4]
Al3+,Ba2+,[3.39202069],[0.6 0.4]
Co3+,La3+,[3.3915637],[0.6 0.4]
In3+,Np5+,[3.39093196],[0.6 0.4]
Be2+,Ir3+,[3.39075637],[0.6 0.4]
Hf4+,Th4+,[3.38962188],[0.6 0.4]
Al3+,Ta5+,[3.38879251],[0.6 0.4]
Pr3+,Hg1+,[3.38865124],[0.6 0.4]
Ni2+,Pt2+,[3.38517866],[0.6 0.4]
Pd4+,Bi3+,[3.37972935],[0.6 0.4]
Al3+,Tb3+,[3.37667166],[0.6 0.4]
Pm3+,Eu3+,[3.37534978],[0.6 0.4]
Cu2+,Pm3+,[3.37218389],[0.6 0.4]
Na1+,Ga3+,[3.37024946],[0.6 0.4]
Fe3+,Lu3+,[3.36953632],[0.6 0.4]
Sm3+,Hg1+,[3.36922935],[0.6 0.4]
Ti4+,W6+,[3.36865929],[0.6 0.4]
Ce3+,Lu3+,[3.36835209],[0.6 0.4]
Al3+,Ce3+,[3.36804644],[0.6 0.4]
Au3+,Fr1+,[3.36786518],[0.6 0.4]
Cd2+,Ta5+,[3.36688556],[0.6 0.4]
Na1+,Au3+,[3.36574395],[0.6 0.4]
Mg2+,Cm3+,[3.35967135],[0.6 0.4]
Co3+,Pa5+,[3.35606878],[0.6 0.4]
Cr3+,Am3+,[3.35510766],[0.6 0.4]
Mg2+,Mo4+,[3.35421797],[0.6 0.4]
Cd2+,Cm3+,[3.35233753],[0.6 0.4]
Ru3+,Ra2+,[3.35154573],[0.6 0.4]
Sc3+,Sn2+,[3.3510434],[0.6 0.4]
Pr3+,Tm3+,[3.3506239],[0.6 0.4]
Na1+,In3+,[3.35057721],[0.6 0.4]
Ga3+,Sb3+,[3.3493792],[0.6 0.4]
Tc4+,Np5+,[3.34919979],[0.6 0.4]
Sb3+,Pr3+,[3.34906061],[0.6 0.4]
Mo4+,Tl1+,[3.34871788],[0.6 0.4]
Y3+,Os4+,[3.3478483],[0.6 0.4]
Sm3+,Cm3+,[3.34779925],[0.6 0.4]
Er3+,Pb2+,[3.34470374],[0.6 0.4]
Ta5+,Np5+,[3.34449242],[0.6 0.4]
W6+,Os4+,[3.34246646],[0.6 0.4]
Ho3+,Hg1+,[3.3419399],[0.6 0.4]
Hg1+,Fr1+,[3.33975145],[0.6 0.4]
Eu3+,Hg1+,[3.33973161],[0.6 0.4]
Tb3+,Hg1+,[3.33931195],[0.6 0.4]
In3+,Yb3+,[3.33913618],[0.6 0.4]
Co3+,Re4+,[3.33870864],[0.6 0.4]
Ce3+,Eu3+,[3.33850531],[0.6 0.4]
Al3+,Ra2+,[3.33836516],[0.6 0.4]
Cr3+,Np5+,[3.33755318],[0.6 0.4]
Co3+,Lu3+,[3.33691007],[0.6 0.4]
Te2+,Tb3+,[3.33662796],[0.6 0.4]
Pm3+,Po2+,[3.33635435],[0.6 0.4]
Ra2+,Pa5+,[3.33371638],[0.6 0.4]
Li1+,Mn2+,[3.33362533],[0.6 0.4]
Sb3+,Bk3+,[3.3326623],[0.6 0.4]
Ba2+,Ir3+,[3.33245493],[0.6 0.4]
Pd4+,Ta5+,[3.33211863],[0.6 0.4]
Rb1+,Y3+,[3.33202833],[0.6 0.4]
Ru3+,Yb3+,[3.32976158],[0.6 0.4]
Lu3+,Bi3+,[3.32910159],[0.6 0.4]
Te2+,Dy3+,[3.32845184],[0.6 0.4]
Co3+,Ce3+,[3.3280261],[0.6 0.4]
Ru3+,Te2+,[3.3257084],[0.6 0.4]
Cu2+,Nd3+,[3.32546066],[0.6 0.4]
V5+,Pt2+,[3.32407851],[0.6 0.4]
Nd3+,Ir3+,[3.32274487],[0.6 0.4]
Na1+,Sn2+,[3.32270661],[0.6 0.4]
Si4+,Re4+,[3.32131196],[0.6 0.4]
Ce3+,Pb2+,[3.32059657],[0.6 0.4]
Mo4+,Cd2+,[3.32015722],[0.6 0.4]
Pm3+,Tm3+,[3.31896219],[0.6 0.4]
Ru3+,Th4+,[3.31802375],[0.6 0.4]
Sb3+,Gd3+,[3.31768379],[0.6 0.4]
V5+,Au3+,[3.31561815],[0.6 0.4]
Fe3+,Hf4+,[3.31421852],[0.6 0.4]
Zn2+,Po2+,[3.31332108],[0.6 0.4]
Ni2+,Np5+,[3.31328122],[0.6 0.4]
Rh3+,Cm3+,[3.31288977],[0.6 0.4]
Sn2+,Nd3+,[3.31039991],[0.6 0.4]
Si4+,Th4+,[3.30952755],[0.6 0.4]
Mo4+,Er3+,[3.30895928],[0.6 0.4]
Ni2+,Po2+,[3.30627893],[0.6 0.4]
Ho3+,Pb2+,[3.30571738],[0.6 0.4]
Mn2+,Rh3+,[3.30033005],[0.6 0.4]
Pb2+,Fr1+,[3.30006428],[0.6 0.4]
Nd3+,Tm3+,[3.29893458],[0.6 0.4]
Ti4+,Ga3+,[3.29871975],[0.6 0.4]
Ir3+,Pa5+,[3.29819298],[0.6 0.4]
Pr3+,Lu3+,[3.29813355],[0.6 0.4]
La3+,Np5+,[3.2980733],[0.6 0.4]
W6+,Ir3+,[3.29761244],[0.6 0.4]
Ni2+,Fr1+,[3.29715997],[0.6 0.4]
In3+,Ac3+,[3.29681762],[0.6 0.4]
K1+,Mn2+,[3.29673572],[0.6 0.4]
Y3+,Po2+,[3.2966674],[0.6 0.4]
Ni2+,Am3+,[3.29210475],[0.6 0.4]
Sm3+,Pb2+,[3.29159558],[0.6 0.4]
Fe3+,Pt2+,[3.29074089],[0.6 0.4]
Nd3+,Er3+,[3.28916352],[0.6 0.4]
Fe3+,Am3+,[3.28895626],[0.6 0.4]
Au3+,Np5+,[3.28872714],[0.6 0.4]
Ga3+,Cm3+,[3.28667952],[0.6 0.4]
Ga3+,Ac3+,[3.28632641],[0.6 0.4]
La3+,Lu3+,[3.28527992],[0.6 0.4]
Zn2+,Bi3+,[3.28380967],[0.6 0.4]
Sb3+,Th4+,[3.28223941],[0.6 0.4]
Ru3+,Sn2+,[3.28180221],[0.6 0.4]
Na1+,Zn2+,[3.28161622],[0.6 0.4]
Cs1+,Sm3+,[3.27912582],[0.6 0.4]
Sm3+,Lu3+,[3.27904949],[0.6 0.4]
Te2+,La3+,[3.27759854],[0.6 0.4]
Pr3+,Ho3+,[3.27732839],[0.6 0.4]
Pd4+,U6+,[3.27696285],[0.6 0.4]
Si4+,Pd4+,[3.27691023],[0.6 0.4]
Cr3+,Rb1+,[3.27604942],[0.6 0.4]
Zn2+,Np5+,[3.2750456],[0.6 0.4]
Tc4+,Tm3+,[3.27363993],[0.6 0.4]
Sr2+,In3+,[3.27359806],[0.6 0.4]
La3+,Sm3+,[3.27345282],[0.6 0.4]
Mn2+,Cm3+,[3.27189376],[0.6 0.4]
Li1+,Cu2+,[3.27151076],[0.6 0.4]
Ru3+,Ac3+,[3.27040166],[0.6 0.4]
Zn2+,Ho3+,[3.26962897],[0.6 0.4]
Gd3+,Hg1+,[3.26877928],[0.6 0.4]
Al3+,W6+,[3.26753501],[0.6 0.4]
Ir3+,U6+,[3.26710616],[0.6 0.4]
Mo4+,Pa5+,[3.26686328],[0.6 0.4]
Fr1+,Am3+,[3.26610424],[0.6 0.4]
Pt2+,Np5+,[3.26198135],[0.6 0.4]
Ce3+,Ho3+,[3.2617475],[0.6 0.4]
Zn2+,Pu4+,[3.25991057],[0.6 0.4]
Sb3+,Ho3+,[3.25879019],[0.6 0.4]
Cd2+,Fr1+,[3.25807117],[0.6 0.4]
Os4+,U6+,[3.25754952],[0.6 0.4]
Mn2+,Ba2+,[3.2567475],[0.6 0.4]
Tm3+,Hg1+,[3.2548178],[0.6 0.4]
Ba2+,Au3+,[3.25470264],[0.6 0.4]
Au3+,Pu4+,[3.25395629],[0.6 0.4]
K1+,Y3+,[3.24930901],[0.6 0.4]
Ir3+,Tl1+,[3.24898785],[0.6 0.4]
Ni2+,Hf4+,[3.24818927],[0.6 0.4]
Tc4+,Gd3+,[3.2471741],[0.6 0.4]
Zr4+,U6+,[3.24715484],[0.6 0.4]
Mg2+,Np5+,[3.2467705],[0.6 0.4]
Nb5+,Pa5+,[3.24671504],[0.6 0.4]
Hf4+,Re4+,[3.24626165],[0.6 0.4]
Si4+,Os4+,[3.24502931],[0.6 0.4]
Ba2+,Hf4+,[3.24385962],[0.6 0.4]
Te2+,Nd3+,[3.2425202],[0.6 0.4]
Co3+,Hf4+,[3.24169586],[0.6 0.4]
In3+,Fr1+,[3.24091739],[0.6 0.4]
Tc4+,Ra2+,[3.23561437],[0.6 0.4]
Zn2+,Er3+,[3.23295412],[0.6 0.4]
Nd3+,Ho3+,[3.23223062],[0.6 0.4]
Ga3+,Am3+,[3.2297106],[0.6 0.4]
Cd2+,Pt2+,[3.22874557],[0.6 0.4]
Dy3+,Hg1+,[3.22865824],[0.6 0.4]
Co3+,Os4+,[3.22585926],[0.6 0.4]
Te2+,Ac3+,[3.22543959],[0.6 0.4]
Ca2+,V5+,[3.22483588],[0.6 0.4]
Fe3+,Cm3+,[3.22481821],[0.6 0.4]
Pm3+,Ir3+,[3.22480946],[0.6 0.4]
Gd3+,Tl1+,[3.2247656],[0.6 0.4]
Ni2+,Cm3+,[3.22314469],[0.6 0.4]
Nd3+,Po2+,[3.22230596],[0.6 0.4]
Be2+,Bk3+,[3.22135987],[0.6 0.4]
Si4+,Yb3+,[3.22032129],[0.6 0.4]
Pm3+,Er3+,[3.22022918],[0.6 0.4]
Fe3+,Np5+,[3.22004271],[0.6 0.4]
Ta5+,Th4+,[3.21927312],[0.6 0.4]
Pr3+,Er3+,[3.2178527],[0.6 0.4]
Cs1+,Dy3+,[3.21758784],[0.6 0.4]
Lu3+,Fr1+,[3.21668458],[0.6 0.4]
Sb3+,Pm3+,[3.21293769],[0.6 0.4]
Ta5+,Bi3+,[3.21291914],[0.6 0.4]
Sb3+,Am3+,[3.21286668],[0.6 0.4]
Pd4+,Pb2+,[3.21078635],[0.6 0.4]
Ru3+,Pu4+,[3.2106013],[0.6 0.4]
Fr1+,Pa5+,[3.21049224],[0.6 0.4]
Tc4+,Te2+,[3.21032038],[0.6 0.4]
Cs1+,Gd3+,[3.20986819],[0.6 0.4]
Be2+,Ti4+,[3.20962594],[0.6 0.4]
Rh3+,Lu3+,[3.20929164],[0.6 0.4]
Ce3+,Tm3+,[3.20753029],[0.6 0.4]
Co3+,Cm3+,[3.20730273],[0.6 0.4]
Er3+,Hg1+,[3.20362052],[0.6 0.4]
Fr1+,Bk3+,[3.20349458],[0.6 0.4]
Be2+,Cm3+,[3.20333263],[0.6 0.4]
Sb3+,Sm3+,[3.20230102],[0.6 0.4]
V5+,U6+,[3.20175579],[0.6 0.4]
Mo4+,U6+,[3.20073329],[0.6 0.4]
Te2+,Lu3+,[3.20029591],[0.6 0.4]
Rh3+,Pu4+,[3.19770797],[0.6 0.4]
Cu2+,Bi3+,[3.19734547],[0.6 0.4]
Y3+,Te2+,[3.1964735],[0.6 0.4]
Sb3+,Cm3+,[3.19549879],[0.6 0.4]
Sn2+,La3+,[3.19500628],[0.6 0.4]
Eu3+,Ra2+,[3.19427866],[0.6 0.4]
Pr3+,Gd3+,[3.19390466],[0.6 0.4]
Zn2+,Tl1+,[3.19341706],[0.6 0.4]
Eu3+,Hf4+,[3.19215268],[0.6 0.4]
Ce3+,Er3+,[3.19013257],[0.6 0.4]
Ru3+,Re4+,[3.18741863],[0.6 0.4]
Be2+,Am3+,[3.18640026],[0.6 0.4]
Mn2+,Ac3+,[3.18629073],[0.6 0.4]
Yb3+,Hg1+,[3.18627291],[0.6 0.4]
Te2+,Pm3+,[3.18377049],[0.6 0.4]
Mn2+,Th4+,[3.18102468],[0.6 0.4]
Ce3+,Tl1+,[3.17782097],[0.6 0.4]
Sb3+,Lu3+,[3.17685892],[0.6 0.4]
Sc3+,Sb3+,[3.17191525],[0.6 0.4]
La3+,Tm3+,[3.171067],[0.6 0.4]
Pr3+,Tb3+,[3.17038541],[0.6 0.4]
Dy3+,Tl1+,[3.16999012],[0.6 0.4]
Ba2+,Ce3+,[3.16961617],[0.6 0.4]
Sn2+,Pa5+,[3.16793231],[0.6 0.4]
Si4+,Pt2+,[3.16724912],[0.6 0.4]
Cu2+,Ce3+,[3.16714171],[0.6 0.4]
Co3+,Sn2+,[3.16502262],[0.6 0.4]
Cs1+,Tb3+,[3.16417481],[0.6 0.4]
Pr3+,Hf4+,[3.16274148],[0.6 0.4]
Te2+,Ba2+,[3.16268674],[0.6 0.4]
Y3+,Re4+,[3.1622342],[0.6 0.4]
La3+,Tl1+,[3.16164721],[0.6 0.4]
Mg2+,Tl1+,[3.15999749],[0.6 0.4]
Ni2+,Bk3+,[3.15919123],[0.6 0.4]
Sr2+,Ra2+,[3.15896859],[0.6 0.4]
Fe3+,Ra2+,[3.15885755],[0.6 0.4]
Fe3+,Po2+,[3.15783868],[0.6 0.4]
Ra2+,Cm3+,[3.15558613],[0.6 0.4]
Sb3+,Ce3+,[3.15322883],[0.6 0.4]
Fr1+,U6+,[3.15280639],[0.6 0.4]
Sn2+,Ac3+,[3.15213738],[0.6 0.4]
Si4+,Au3+,[3.14964015],[0.6 0.4]
Mg2+,Bk3+,[3.1495668],[0.6 0.4]
Li1+,Ni2+,[3.14645746],[0.6 0.4]
Ga3+,Pt2+,[3.14601586],[0.6 0.4]
Cu2+,Er3+,[3.14551776],[0.6 0.4]
Nd3+,Pt2+,[3.14438101],[0.6 0.4]
Ru3+,Tl1+,[3.14361868],[0.6 0.4]
Gd3+,Hf4+,[3.14255012],[0.6 0.4]
Te2+,Yb3+,[3.14135554],[0.6 0.4]
Tc4+,Pa5+,[3.14118019],[0.6 0.4]
Eu3+,Pb2+,[3.14061766],[0.6 0.4]
Ni2+,Pa5+,[3.13879241],[0.6 0.4]
Ni2+,Os4+,[3.13865296],[0.6 0.4]
Sb3+,Pa5+,[3.13830112],[0.6 0.4]
Pm3+,Ho3+,[3.13747194],[0.6 0.4]
Pm3+,Pt2+,[3.1370628],[0.6 0.4]
La3+,Pb2+,[3.13629077],[0.6 0.4]
Cu2+,Pu4+,[3.13578938],[0.6 0.4]
Te2+,Ce3+,[3.13537481],[0.6 0.4]
Nd3+,Dy3+,[3.13412955],[0.6 0.4]
Re4+,Pt2+,[3.13394502],[0.6 0.4]
V5+,Ir3+,[3.12953425],[0.6 0.4]
Zn2+,Yb3+,[3.12784647],[0.6 0.4]
Ga3+,Th4+,[3.12619393],[0.6 0.4]
Fe3+,Bk3+,[3.12448842],[0.6 0.4]
Co3+,U6+,[3.12425325],[0.6 0.4]
Pm3+,Dy3+,[3.12397796],[0.6 0.4]
Pd4+,Po2+,[3.12309449],[0.6 0.4]
Ce3+,Au3+,[3.12186798],[0.6 0.4]
Tc4+,Fr1+,[3.12185014],[0.6 0.4]
Sn2+,Pm3+,[3.12093141],[0.6 0.4]
Pd4+,Ra2+,[3.11984302],[0.6 0.4]
Mg2+,Pa5+,[3.11871199],[0.6 0.4]
Yb3+,Pb2+,[3.11748813],[0.6 0.4]
Pm3+,Gd3+,[3.11640016],[0.6 0.4]
Zr4+,Re4+,[3.11554465],[0.6 0.4]
Pr3+,Ir3+,[3.11527921],[0.6 0.4]
Sr2+,Nd3+,[3.1148163],[0.6 0.4]
Eu3+,Os4+,[3.11350956],[0.6 0.4]
Mn2+,Am3+,[3.10810168],[0.6 0.4]
Cs1+,Eu3+,[3.10790674],[0.6 0.4]
Sc3+,Cd2+,[3.10782927],[0.6 0.4]
Pd4+,Ac3+,[3.10715005],[0.6 0.4]
Sb3+,Tm3+,[3.1069245],[0.6 0.4]
Ce3+,Sm3+,[3.1063182],[0.6 0.4]
Sn2+,Th4+,[3.10513667],[0.6 0.4]
Ru3+,Rh3+,[3.10509971],[0.6 0.4]
Zn2+,Sr2+,[3.10206718],[0.6 0.4]
Cr3+,U6+,[3.10117773],[0.6 0.4]
Pt2+,U6+,[3.09780523],[0.6 0.4]
Os4+,Fr1+,[3.09698137],[0.6 0.4]
Al3+,Sc3+,[3.0955892],[0.6 0.4]
La3+,U6+,[3.09425015],[0.6 0.4]
Sb3+,Eu3+,[3.09101156],[0.6 0.4]
Cu2+,Ho3+,[3.08774837],[0.6 0.4]
La3+,Ho3+,[3.08751443],[0.6 0.4]
Ti4+,Os4+,[3.08628929],[0.6 0.4]
Ca2+,Te2+,[3.0849704],[0.6 0.4]
Al3+,U6+,[3.08444131],[0.6 0.4]
Lu3+,Po2+,[3.08379882],[0.6 0.4]
Ca2+,In3+,[3.08031586],[0.6 0.4]
Mg2+,Ta5+,[3.07976351],[0.6 0.4]
W6+,Bi3+,[3.07895481],[0.6 0.4]
Te2+,Am3+,[3.07851259],[0.6 0.4]
Ru3+,Dy3+,[3.07684297],[0.6 0.4]
Ba2+,Eu3+,[3.07525415],[0.6 0.4]
Pd4+,Os4+,[3.07498988],[0.6 0.4]
Gd3+,Lu3+,[3.07490962],[0.6 0.4]
Mg2+,W6+,[3.07385747],[0.6 0.4]
Pd4+,Tl1+,[3.0729619],[0.6 0.4]
Ga3+,Sr2+,[3.07293212],[0.6 0.4]
Sr2+,Pm3+,[3.07160123],[0.6 0.4]
Nd3+,Bi3+,[3.06805444],[0.6 0.4]
Cd2+,Np5+,[3.06651171],[0.6 0.4]
Ni2+,Ra2+,[3.064241],[0.6 0.4]
Zn2+,Lu3+,[3.06421318],[0.6 0.4]
La3+,Er3+,[3.06403821],[0.6 0.4]
Rh3+,Ho3+,[3.06351418],[0.6 0.4]
Re4+,Fr1+,[3.06159158],[0.6 0.4]
Sn2+,Ba2+,[3.05937963],[0.6 0.4]
Fe3+,Ac3+,[3.05822069],[0.6 0.4]
Lu3+,Hg1+,[3.056759],[0.6 0.4]
Te2+,Pa5+,[3.05606248],[0.6 0.4]
Ba2+,La3+,[3.05591271],[0.6 0.4]
Mg2+,Th4+,[3.05490141],[0.6 0.4]
Fr1+,Ra2+,[3.05421445],[0.6 0.4]
Pm3+,Tb3+,[3.0518132],[0.6 0.4]
Ra2+,Am3+,[3.05173802],[0.6 0.4]
Co3+,Th4+,[3.05049224],[0.6 0.4]
Pd4+,Np5+,[3.05025594],[0.6 0.4]
Fe3+,Th4+,[3.04724496],[0.6 0.4]
Pd4+,Pt2+,[3.04715185],[0.6 0.4]
Si4+,Ta5+,[3.04562209],[0.6 0.4]
Pm3+,Au3+,[3.04497954],[0.6 0.4]
Tc4+,Pt2+,[3.04447471],[0.6 0.4]
Tc4+,Tb3+,[3.04128975],[0.6 0.4]
Ni2+,Th4+,[3.04076829],[0.6 0.4]
Sn2+,Ho3+,[3.04055921],[0.6 0.4]
Hf4+,W6+,[3.04033979],[0.6 0.4]
Cd2+,Nd3+,[3.03873339],[0.6 0.4]
Ba2+,Pt2+,[3.03694786],[0.6 0.4]
La3+,Tb3+,[3.03531862],[0.6 0.4]
Mo4+,Np5+,[3.03446746],[0.6 0.4]
Sb3+,Ta5+,[3.0333624],[0.6 0.4]
Rh3+,U6+,[3.03266515],[0.6 0.4]
Yb3+,Au3+,[3.03230797],[0.6 0.4]
Tc4+,Dy3+,[3.03120569],[0.6 0.4]
Co3+,Np5+,[3.03078031],[0.6 0.4]
Cr3+,Ac3+,[3.02941668],[0.6 0.4]
V5+,Mo4+,[3.02916878],[0.6 0.4]
Sm3+,Tm3+,[3.02864112],[0.6 0.4]
Cd2+,Te2+,[3.02763833],[0.6 0.4]
Nd3+,U6+,[3.02718925],[0.6 0.4]
Ir3+,Fr1+,[3.02686376],[0.6 0.4]
Ce3+,Tb3+,[3.02547699],[0.6 0.4]
Au3+,Ra2+,[3.02402313],[0.6 0.4]
Mo4+,Ho3+,[3.02340345],[0.6 0.4]
Er3+,Hf4+,[3.018744],[0.6 0.4]
Cd2+,Pm3+,[3.01717281],[0.6 0.4]
Sm3+,Hf4+,[3.01709502],[0.6 0.4]
Hf4+,Ir3+,[3.01549536],[0.6 0.4]
Co3+,Ra2+,[3.01511739],[0.6 0.4]
Nd3+,Tb3+,[3.01484874],[0.6 0.4]
Hf4+,Ac3+,[3.01409522],[0.6 0.4]
Sr2+,Au3+,[3.01008313],[0.6 0.4]
Er3+,Ta5+,[3.00983369],[0.6 0.4]
Si4+,Ru3+,[3.0094314],[0.6 0.4]
Tm3+,Hf4+,[3.0077288],[0.6 0.4]
Cd2+,Ra2+,[3.00751843],[0.6 0.4]
Ba2+,Sm3+,[3.00643685],[0.6 0.4]
Ga3+,Pa5+,[2.99948691],[0.6 0.4]
Pt2+,Fr1+,[2.99927142],[0.6 0.4]
Cd2+,Po2+,[2.99889353],[0.6 0.4]
In3+,Lu3+,[2.99758007],[0.6 0.4]
Pt2+,Ra2+,[2.99594355],[0.6 0.4]
Sn2+,Er3+,[2.9929574],[0.6 0.4]
Mg2+,K1+,[2.99282891],[0.6 0.4]
Ra2+,Th4+,[2.99232858],[0.6 0.4]
Zn2+,U6+,[2.99151641],[0.6 0.4]
Ce3+,U6+,[2.9908359],[0.6 0.4]
V5+,Cd2+,[2.99031654],[0.6 0.4]
Mg2+,Re4+,[2.98896637],[0.6 0.4]
Ce3+,Np5+,[2.98448348],[0.6 0.4]
Rh3+,Ra2+,[2.98122713],[0.6 0.4]
Sn2+,Tm3+,[2.97446613],[0.6 0.4]
Be2+,La3+,[2.97422606],[0.6 0.4]
Te2+,Th4+,[2.97276146],[0.6 0.4]
Ba2+,Yb3+,[2.97152714],[0.6 0.4]
Be2+,Th4+,[2.97045272],[0.6 0.4]
Mn2+,Ir3+,[2.96901368],[0.6 0.4]
In3+,Nd3+,[2.96467138],[0.6 0.4]
Cd2+,Th4+,[2.96459404],[0.6 0.4]
Ho3+,Ta5+,[2.96240864],[0.6 0.4]
Co3+,Bk3+,[2.96170703],[0.6 0.4]
Gd3+,Au3+,[2.96028143],[0.6 0.4]
Nd3+,Gd3+,[2.96016757],[0.6 0.4]
Ru3+,Bi3+,[2.9563395],[0.6 0.4]
Dy3+,Hf4+,[2.95369304],[0.6 0.4]
Pm3+,Bi3+,[2.95176175],[0.6 0.4]
Cu2+,La3+,[2.94910977],[0.6 0.4]
Nb5+,U6+,[2.94771472],[0.6 0.4]
Ba2+,Nd3+,[2.94714346],[0.6 0.4]
Pd4+,Lu3+,[2.94646444],[0.6 0.4]
Tb3+,Pb2+,[2.94573124],[0.6 0.4]
Li1+,Co3+,[2.94459959],[0.6 0.4]
Fe3+,U6+,[2.94071007],[0.6 0.4]
Ca2+,Bi3+,[2.94041366],[0.6 0.4]
In3+,Pm3+,[2.93997677],[0.6 0.4]
Co3+,Po2+,[2.93744837],[0.6 0.4]
Sc3+,Ir3+,[2.93623242],[0.6 0.4]
Sc3+,Au3+,[2.93569265],[0.6 0.4]
Ru3+,U6+,[2.93491145],[0.6 0.4]
Rh3+,Re4+,[2.93451303],[0.6 0.4]
Au3+,Bi3+,[2.93015966],[0.6 0.4]
Cd2+,La3+,[2.92815106],[0.6 0.4]
Sb3+,Ac3+,[2.92788367],[0.6 0.4]
Li1+,Fe3+,[2.92323244],[0.6 0.4]
Mo4+,In3+,[2.92145502],[0.6 0.4]
Be2+,Nd3+,[2.92074573],[0.6 0.4]
Zn2+,Ta5+,[2.91912825],[0.6 0.4]
Sn2+,Hf4+,[2.91768538],[0.6 0.4]
Ru3+,Pa5+,[2.91651737],[0.6 0.4]
Dy3+,Pb2+,[2.91636796],[0.6 0.4]
Ba2+,Pm3+,[2.9147198],[0.6 0.4]
Ir3+,Ra2+,[2.90776383],[0.6 0.4]
Pd4+,Te2+,[2.90759125],[0.6 0.4]
Pd4+,Ce3+,[2.90346098],[0.6 0.4]
Rh3+,Fr1+,[2.90106245],[0.6 0.4]
Sc3+,In3+,[2.90081281],[0.6 0.4]
Sb3+,Hf4+,[2.89990187],[0.6 0.4]
Tb3+,Hf4+,[2.89716424],[0.6 0.4]
Cu2+,Np5+,[2.8954347],[0.6 0.4]
Zr4+,Po2+,[2.89490095],[0.6 0.4]
Ho3+,Hf4+,[2.89318082],[0.6 0.4]
Cr3+,Po2+,[2.89246572],[0.6 0.4]
Zn2+,Pb2+,[2.89171111],[0.6 0.4]
Sb3+,Ba2+,[2.88968695],[0.6 0.4]
Ru3+,Fr1+,[2.88785929],[0.6 0.4]
Rh3+,Ta5+,[2.88652883],[0.6 0.4]
Be2+,Pt2+,[2.88362712],[0.6 0.4]
Ca2+,Ce3+,[2.88353777],[0.6 0.4]
Sc3+,Ce3+,[2.88193927],[0.6 0.4]
Gd3+,Pb2+,[2.87875678],[0.6 0.4]
Te2+,Ir3+,[2.87869553],[0.6 0.4]
Sr2+,Ir3+,[2.87865781],[0.6 0.4]
Sb3+,Re4+,[2.87853422],[0.6 0.4]
Pd4+,Fr1+,[2.87376593],[0.6 0.4]
Tm3+,Ta5+,[2.86824393],[0.6 0.4]
Hf4+,Fr1+,[2.8669933],[0.6 0.4]
Ca2+,Cr3+,[2.86407809],[0.6 0.4]
V5+,Cr3+,[2.8633016],[0.6 0.4]
Rh3+,Po2+,[2.86221283],[0.6 0.4]
Zn2+,Tm3+,[2.86215503],[0.6 0.4]
Rh3+,Ac3+,[2.86182442],[0.6 0.4]
Rh3+,Pb2+,[2.85835207],[0.6 0.4]
Nd3+,Au3+,[2.85485845],[0.6 0.4]
Re4+,Ir3+,[2.85327285],[0.6 0.4]
Mg2+,Ir3+,[2.8496426],[0.6 0.4]
Cu2+,Am3+,[2.84963996],[0.6 0.4]
Zn2+,Re4+,[2.84874628],[0.6 0.4]
Ce3+,Gd3+,[2.8449968],[0.6 0.4]
Cu2+,Bk3+,[2.83997438],[0.6 0.4]
Cd2+,Am3+,[2.83916926],[0.6 0.4]
Pr3+,Pt2+,[2.8386806],[0.6 0.4]
Fr1+,Np5+,[2.82459913],[0.6 0.4]
Sb3+,W6+,[2.82430492],[0.6 0.4]
Sr2+,Te2+,[2.82323745],[0.6 0.4]
Sn2+,Pt2+,[2.82292748],[0.6 0.4]
Rh3+,Np5+,[2.81986417],[0.6 0.4]
Pr3+,Au3+,[2.81817448],[0.6 0.4]
Zn2+,Ac3+,[2.81669754],[0.6 0.4]
Pd4+,Nd3+,[2.81666617],[0.6 0.4]
Cd2+,Bi3+,[2.81662354],[0.6 0.4]
Ca2+,Ti4+,[2.81285516],[0.6 0.4]
La3+,Gd3+,[2.80489358],[0.6 0.4]
Tc4+,U6+,[2.80427279],[0.6 0.4]
Hf4+,Os4+,[2.80293245],[0.6 0.4]
Hf4+,Pt2+,[2.80272367],[0.6 0.4]
Sr2+,Ce3+,[2.80124122],[0.6 0.4]
Cd2+,Ac3+,[2.80084652],[0.6 0.4]
Sb3+,Ir3+,[2.79763473],[0.6 0.4]
Sc3+,Fe3+,[2.79698746],[0.6 0.4]
Cu2+,Rb1+,[2.7950825],[0.6 0.4]
Cd2+,Ce3+,[2.7948104],[0.6 0.4]
Cu2+,Cm3+,[2.7921872],[0.6 0.4]
Ga3+,Y3+,[2.79046698],[0.6 0.4]
Ca2+,Po2+,[2.78923049],[0.6 0.4]
Sn2+,Ce3+,[2.78922092],[0.6 0.4]
Ca2+,Sb3+,[2.78855731],[0.6 0.4]
Y3+,Hg1+,[2.78688233],[0.6 0.4]
Dy3+,Au3+,[2.78482981],[0.6 0.4]
Mg2+,Yb3+,[2.78364866],[0.6 0.4]
Cu2+,Tm3+,[2.77998024],[0.6 0.4]
Rh3+,Tl1+,[2.77983746],[0.6 0.4]
Sn2+,Lu3+,[2.77891021],[0.6 0.4]
Cd2+,Re4+,[2.77819589],[0.6 0.4]
Mg2+,Er3+,[2.77757829],[0.6 0.4]
Ca2+,Cd2+,[2.7651151],[0.6 0.4]
Mg2+,Ho3+,[2.76415211],[0.6 0.4]
Be2+,Pm3+,[2.76324319],[0.6 0.4]
Tm3+,W6+,[2.7544147],[0.6 0.4]
Ru3+,In3+,[2.74248003],[0.6 0.4]
Rh3+,La3+,[2.73951474],[0.6 0.4]
Te2+,W6+,[2.73848118],[0.6 0.4]
Sb3+,Au3+,[2.73821951],[0.6 0.4]
Lu3+,W6+,[2.73815341],[0.6 0.4]
Te2+,Tl1+,[2.73313417],[0.6 0.4]
Sc3+,Mn2+,[2.73201553],[0.6 0.4]
Be2+,Mo4+,[2.731875],[0.6 0.4]
Co3+,Rb1+,[2.73052117],[0.6 0.4]
Ce3+,Po2+,[2.73000572],[0.6 0.4]
Sc3+,Ru3+,[2.72816053],[0.6 0.4]
Rh3+,Bi3+,[2.72007427],[0.6 0.4]
Cd2+,Hf4+,[2.71899636],[0.6 0.4]
Be2+,Nb5+,[2.71868341],[0.6 0.4]
Y3+,Bi3+,[2.71830898],[0.6 0.4]
Lu3+,Ta5+,[2.71680698],[0.6 0.4]
Tb3+,Au3+,[2.71368204],[0.6 0.4]
Al3+,Th4+,[2.71367752],[0.6 0.4]
Pd4+,Re4+,[2.71168177],[0.6 0.4]
Y3+,Ce3+,[2.7050056],[0.6 0.4]
Mg2+,Tm3+,[2.70464648],[0.6 0.4]
Ti4+,Au3+,[2.70339822],[0.6 0.4]
Be2+,Tb3+,[2.70279526],[0.6 0.4]
Ni2+,Ac3+,[2.70023628],[0.6 0.4]
Rh3+,Tm3+,[2.69958602],[0.6 0.4]
Te2+,Pt2+,[2.6989242],[0.6 0.4]
Rh3+,Th4+,[2.69524157],[0.6 0.4]
Zn2+,Th4+,[2.69391062],[0.6 0.4]
Ho3+,W6+,[2.69140449],[0.6 0.4]
Eu3+,Au3+,[2.6905227],[0.6 0.4]
Gd3+,Os4+,[2.68902268],[0.6 0.4]
Sm3+,Pt2+,[2.68628451],[0.6 0.4]
Cd2+,U6+,[2.6833803],[0.6 0.4]
Be2+,Eu3+,[2.68119491],[0.6 0.4]
Sb3+,Pt2+,[2.68078865],[0.6 0.4]
Pd4+,Pm3+,[2.6770201],[0.6 0.4]
Be2+,Dy3+,[2.67699663],[0.6 0.4]
Ca2+,La3+,[2.67201092],[0.6 0.4]
Zn2+,Hf4+,[2.67065781],[0.6 0.4]
Al3+,Gd3+,[2.66910422],[0.6 0.4]
Sr2+,Sb3+,[2.66185156],[0.6 0.4]
La3+,Au3+,[2.65992205],[0.6 0.4]
Mg2+,Hf4+,[2.6512293],[0.6 0.4]
Mn2+,Rb1+,[2.65046257],[0.6 0.4]
Na1+,Cu2+,[2.6486733],[0.6 0.4]
Zr4+,Au3+,[2.64820915],[0.6 0.4]
Sc3+,Zn2+,[2.64787417],[0.6 0.4]
Al3+,Pd4+,[2.64650958],[0.6 0.4]
Sr2+,Sn2+,[2.63794548],[0.6 0.4]
Eu3+,Ir3+,[2.63638117],[0.6 0.4]
Dy3+,Os4+,[2.63240287],[0.6 0.4]
Mn2+,Au3+,[2.63222044],[0.6 0.4]
Pd4+,Sb3+,[2.63169153],[0.6 0.4]
Ir3+,Th4+,[2.62884208],[0.6 0.4]
Sm3+,Au3+,[2.62880406],[0.6 0.4]
Zn2+,Bk3+,[2.62735139],[0.6 0.4]
Er3+,W6+,[2.6231905],[0.6 0.4]
Er3+,Pt2+,[2.61976022],[0.6 0.4]
Cd2+,Sb3+,[2.61766975],[0.6 0.4]
Te2+,Au3+,[2.61706611],[0.6 0.4]
Eu3+,Pt2+,[2.61663025],[0.6 0.4]
Al3+,Pa5+,[2.61635283],[0.6 0.4]
Ru3+,Er3+,[2.61346519],[0.6 0.4]
Tb3+,Os4+,[2.61174146],[0.6 0.4]
Co3+,Ac3+,[2.60838127],[0.6 0.4]
Be2+,Gd3+,[2.6080494],[0.6 0.4]
Ho3+,Re4+,[2.60544384],[0.6 0.4]
Be2+,Tm3+,[2.59989572],[0.6 0.4]
Pd4+,In3+,[2.5983789],[0.6 0.4]
Be2+,Y3+,[2.5976584],[0.6 0.4]
W6+,Pt2+,[2.59031493],[0.6 0.4]
Ta5+,Os4+,[2.58745057],[0.6 0.4]
Be2+,Er3+,[2.58741064],[0.6 0.4]
Al3+,La3+,[2.58735171],[0.6 0.4]
Sm3+,Ir3+,[2.58465588],[0.6 0.4]
Nb5+,Os4+,[2.58202408],[0.6 0.4]
Ir3+,Bi3+,[2.57721397],[0.6 0.4]
Mg2+,Tb3+,[2.57204094],[0.6 0.4]
Be2+,Yb3+,[2.56685249],[0.6 0.4]
Al3+,Os4+,[2.56283748],[0.6 0.4]
Os4+,Bi3+,[2.56110042],[0.6 0.4]
Fe3+,Rb1+,[2.5525839],[0.6 0.4]
Mg2+,Os4+,[2.54993244],[0.6 0.4]
La3+,Po2+,[2.54890911],[0.6 0.4]
Ca2+,Mn2+,[2.54621051],[0.6 0.4]
V5+,Ag1+,[2.5381304],[0.6 0.4]
Mg2+,Tc4+,[2.53755027],[0.6 0.4]
Zn2+,Cm3+,[2.53524144],[0.6 0.4]
Pd4+,Hf4+,[2.53357932],[0.6 0.4]
Ru3+,Lu3+,[2.53339772],[0.6 0.4]
Al3+,Y3+,[2.5305565],[0.6 0.4]
In3+,Ir3+,[2.52750929],[0.6 0.4]
Pd4+,Ir3+,[2.52304216],[0.6 0.4]
Sn2+,Ir3+,[2.52250457],[0.6 0.4]
Lu3+,Pt2+,[2.51882672],[0.6 0.4]
Mg2+,Rh3+,[2.51772289],[0.6 0.4]
Ta5+,Re4+,[2.51563615],[0.6 0.4]
Os4+,Po2+,[2.51482421],[0.6 0.4]
Zn2+,Pa5+,[2.514076],[0.6 0.4]
Gd3+,Ir3+,[2.51325369],[0.6 0.4]
Y3+,Au3+,[2.50827554],[0.6 0.4]
Rh3+,Ag1+,[2.50617762],[0.6 0.4]
Te2+,Ta5+,[2.49938968],[0.6 0.4]
Er3+,Re4+,[2.49676893],[0.6 0.4]
Be2+,Zr4+,[2.496317],[0.6 0.4]
Ru3+,Cd2+,[2.49429058],[0.6 0.4]
Yb3+,Ir3+,[2.49329457],[0.6 0.4]
Gd3+,Pt2+,[2.49008926],[0.6 0.4]
Ba2+,Gd3+,[2.47563879],[0.6 0.4]
Ir3+,Po2+,[2.47208639],[0.6 0.4]
Cd2+,Lu3+,[2.46390062],[0.6 0.4]
Er3+,Os4+,[2.46273927],[0.6 0.4]
Sr2+,La3+,[2.46215235],[0.6 0.4]
Zn2+,Pt2+,[2.45853079],[0.6 0.4]
Tm3+,Re4+,[2.45779418],[0.6 0.4]
Ru3+,Ho3+,[2.45671054],[0.6 0.4]
Mg2+,Ga3+,[2.45382082],[0.6 0.4]
Zn2+,Rh3+,[2.45137022],[0.6 0.4]
Re4+,Au3+,[2.45053932],[0.6 0.4]
Rh3+,Pd4+,[2.44956114],[0.6 0.4]
Te2+,Os4+,[2.44916629],[0.6 0.4]
Sb3+,La3+,[2.44557497],[0.6 0.4]
Na1+,Fe3+,[2.44338761],[0.6 0.4]
Tb3+,Ir3+,[2.43995831],[0.6 0.4]
Dy3+,Ir3+,[2.43995831],[0.6 0.4]
In3+,Ce3+,[2.43789178],[0.6 0.4]
Ca2+,Ni2+,[2.43763336],[0.6 0.4]
Na1+,Co3+,[2.43662227],[0.6 0.4]
Er3+,Ir3+,[2.42928554],[0.6 0.4]
Zn2+,Os4+,[2.42479054],[0.6 0.4]
Hf4+,Au3+,[2.42467806],[0.6 0.4]
Be2+,Ho3+,[2.42256864],[0.6 0.4]
Ho3+,Os4+,[2.41600864],[0.6 0.4]
Fe3+,Ru3+,[2.41524058],[0.6 0.4]
Ca2+,Pa5+,[2.41402064],[0.6 0.4]
Lu3+,Os4+,[2.4107708],[0.6 0.4]
Sb3+,Os4+,[2.40989332],[0.6 0.4]
Ti4+,Pd4+,[2.40758858],[0.6 0.4]
Ca2+,Co3+,[2.39817704],[0.6 0.4]
Si4+,Sr2+,[2.39280282],[0.6 0.4]
Pt2+,Po2+,[2.38900365],[0.6 0.4]
Tc4+,Ir3+,[2.38336513],[0.6 0.4]
Al3+,Zr4+,[2.37929338],[0.6 0.4]
In3+,La3+,[2.37690447],[0.6 0.4]
Ru3+,Tm3+,[2.37594417],[0.6 0.4]
Ru3+,Ag1+,[2.37131825],[0.6 0.4]
Pd4+,La3+,[2.36416064],[0.6 0.4]
Mg2+,Ba2+,[2.36151745],[0.6 0.4]
Ca2+,Tl1+,[2.36061471],[0.6 0.4]
Cu2+,Sn2+,[2.3578515],[0.6 0.4]
Tm3+,Os4+,[2.35396223],[0.6 0.4]
Te2+,Re4+,[2.35253358],[0.6 0.4]
Ho3+,Pt2+,[2.35218339],[0.6 0.4]
Cu2+,Ac3+,[2.34669566],[0.6 0.4]
Dy3+,Pt2+,[2.33983926],[0.6 0.4]
Ho3+,Ir3+,[2.33381655],[0.6 0.4]
Zn2+,Am3+,[2.33334501],[0.6 0.4]
Ti4+,Cd2+,[2.32859114],[0.6 0.4]
Ni2+,Ag1+,[2.31444165],[0.6 0.4]
Re4+,Os4+,[2.31402092],[0.6 0.4]
Tb3+,Pt2+,[2.31267646],[0.6 0.4]
Ce3+,Bi3+,[2.31160512],[0.6 0.4]
V5+,Rh3+,[2.30886653],[0.6 0.4]
Y3+,Ir3+,[2.29921079],[0.6 0.4]
Cr3+,Pd4+,[2.29877806],[0.6 0.4]
Zn2+,Pd4+,[2.29422857],[0.6 0.4]
Mg2+,Pr3+,[2.29349848],[0.6 0.4]
Mg2+,Dy3+,[2.27799933],[0.6 0.4]
Na1+,Mn2+,[2.26455052],[0.6 0.4]
Co3+,Ag1+,[2.26211244],[0.6 0.4]
Yb3+,Pt2+,[2.26115127],[0.6 0.4]
Mo4+,Au3+,[2.25964427],[0.6 0.4]
Lu3+,Re4+,[2.25949185],[0.6 0.4]
La3+,Bi3+,[2.25499714],[0.6 0.4]
Pt2+,Bi3+,[2.24755571],[0.6 0.4]
Mg2+,Sm3+,[2.24542174],[0.6 0.4]
Ca2+,Cu2+,[2.24121175],[0.6 0.4]
Tm3+,Pt2+,[2.23767675],[0.6 0.4]
Mg2+,Eu3+,[2.23388468],[0.6 0.4]
Al3+,Ca2+,[2.22885637],[0.6 0.4]
Tm3+,Ir3+,[2.22679595],[0.6 0.4]
Fe3+,Ir3+,[2.2245468],[0.6 0.4]
Ca2+,Ga3+,[2.20967804],[0.6 0.4]
Be2+,Rh3+,[2.20565038],[0.6 0.4]
Cu2+,Ra2+,[2.19724713],[0.6 0.4]
Tc4+,Au3+,[2.18768335],[0.6 0.4]
Al3+,Nd3+,[2.18293535],[0.6 0.4]
Sr2+,Pt2+,[2.17485664],[0.6 0.4]
Ta5+,Pt2+,[2.17232491],[0.6 0.4]
Cu2+,Yb3+,[2.16918336],[0.6 0.4]
W6+,Tl1+,[2.16855584],[0.6 0.4]
Sc3+,Ga3+,[2.16458512],[0.6 0.4]
Ho3+,Au3+,[2.16376976],[0.6 0.4]
Al3+,Ir3+,[2.15627401],[0.6 0.4]
Rh3+,W6+,[2.13923206],[0.6 0.4]
Lu3+,Ir3+,[2.13640907],[0.6 0.4]
Cu2+,Lu3+,[2.13614389],[0.6 0.4]
Tm3+,Au3+,[2.12384153],[0.6 0.4]
Ca2+,Fe3+,[2.1196874],[0.6 0.4]
Fe3+,Ag1+,[2.1194445],[0.6 0.4]
Be2+,Tc4+,[2.11731111],[0.6 0.4]
Mg2+,Pt2+,[2.1123292],[0.6 0.4]
Cu2+,Rh3+,[2.10573398],[0.6 0.4]
Al3+,Pm3+,[2.09881477],[0.6 0.4]
Y3+,La3+,[2.0978391],[0.6 0.4]
Mg2+,Gd3+,[2.09143796],[0.6 0.4]
Er3+,Au3+,[2.09105563],[0.6 0.4]
Mg2+,Ru3+,[2.0899566],[0.6 0.4]
Ga3+,Au3+,[2.08294179],[0.6 0.4]
Fe3+,W6+,[2.07914404],[0.6 0.4]
Al3+,Eu3+,[2.07133173],[0.6 0.4]
Cu2+,Ru3+,[2.05508719],[0.6 0.4]
Fe3+,Rh3+,[2.05288284],[0.6 0.4]
Be2+,Pd4+,[2.02795886],[0.6 0.4]
Al3+,Yb3+,[2.00854832],[0.6 0.4]
Al3+,Sm3+,[2.00767793],[0.6 0.4]
W6+,Pa5+,[2.00435765],[0.6 0.4]
Pd4+,W6+,[2.00059573],[0.6 0.4]
Ru3+,Os4+,[1.9926724],[0.6 0.4]
V5+,Pd4+,[1.9922107],[0.6 0.4]
Cu2+,Pb2+,[1.99190117],[0.6 0.4]
Pd4+,Sn2+,[1.98520846],[0.6 0.4]
Lu3+,Au3+,[1.97500514],[0.6 0.4]
Cu2+,Tl1+,[1.97342098],[0.6 0.4]
Ag1+,In3+,[1.9706767],[0.6 0.4]
Be2+,Ru3+,[1.95455178],[0.6 0.4]
Mg2+,Al3+,[1.92144999],[0.6 0.4]
In3+,W6+,[1.91997183],[0.6 0.4]
Cu2+,Ta5+,[1.9157972],[0.6 0.4]
Mg2+,Pd4+,[1.8846045],[0.6 0.4]
Ca2+,Zn2+,[1.87921326],[0.6 0.4]
Au3+,U6+,[1.87921257],[0.6 0.4]
Ag1+,Sn2+,[1.87499167],[0.6 0.4]
Au3+,Po2+,[1.87186187],[0.6 0.4]
Sn2+,Te2+,[1.87110318],[0.6 0.4]
Cu2+,Po2+,[1.87024731],[0.6 0.4]
Cu2+,U6+,[1.84012834],[0.6 0.4]
Ag1+,Pb2+,[1.8285807],[0.6 0.4]
Cu2+,Hf4+,[1.82097364],[0.6 0.4]
Cr3+,Ag1+,[1.81440479],[0.6 0.4]
Au3+,Th4+,[1.80916163],[0.6 0.4]
Cr3+,Ir3+,[1.80300669],[0.6 0.4]
Ru3+,Pt2+,[1.80115395],[0.6 0.4]
Ni2+,W6+,[1.79609631],[0.6 0.4]
Ca2+,Pd4+,[1.78741898],[0.6 0.4]
Ag1+,Tl1+,[1.78449138],[0.6 0.4]
Ca2+,Sn2+,[1.77348646],[0.6 0.4]
Cu2+,W6+,[1.77045917],[0.6 0.4]
Au3+,Pa5+,[1.76143523],[0.6 0.4]
Cu2+,Re4+,[1.75475629],[0.6 0.4]
Y3+,Pt2+,[1.72276452],[0.6 0.4]
Al3+,Pt2+,[1.68272887],[0.6 0.4]
Al3+,Sr2+,[1.67593037],[0.6 0.4]
Cu2+,Th4+,[1.66749754],[0.6 0.4]
Sn2+,Au3+,[1.63973067],[0.6 0.4]
Ag1+,Re4+,[1.62768467],[0.6 0.4]
Ag1+,Ta5+,[1.62655734],[0.6 0.4]
Cu2+,Pa5+,[1.60225566],[0.6 0.4]
Cr3+,Mo4+,[1.60136171],[0.6 0.4]
Cd2+,Au3+,[1.59941664],[0.6 0.4]
Cr3+,W6+,[1.55147442],[0.6 0.4]
Ag1+,W6+,[1.54988682],[0.6 0.4]
Rh3+,In3+,[1.52804706],[0.6 0.4]
Ag1+,Th4+,[1.52743346],[0.6 0.4]
Ag1+,Pa5+,[1.52427297],[0.6 0.4]
Cr3+,Au3+,[1.5193463],[0.6 0.4]
Co3+,W6+,[1.48700914],[0.6 0.4]
Zn2+,Au3+,[1.48595572],[0.6 0.4]
Ag1+,Cd2+,[1.47950095],[0.6 0.4]
Rh3+,Cd2+,[1.47718258],[0.6 0.4]
Co3+,Ir3+,[1.46202735],[0.6 0.4]
Ni2+,Ir3+,[1.44785551],[0.6 0.4]
Cu2+,Pt2+,[1.43003871],[0.6 0.4]
Mg2+,Zn2+,[1.4289893],[0.6 0.4]
Zn2+,Ir3+,[1.42707],[0.6 0.4]
Rh3+,Sn2+,[1.4223542],[0.6 0.4]
Cu2+,Au3+,[1.42128928],[0.6 0.4]
Cu2+,Os4+,[1.40610416],[0.6 0.4]
Cu2+,Ir3+,[1.40415072],[0.6 0.4]
Au3+,Pb2+,[1.39627134],[0.6 0.4]
Cd2+,Ir3+,[1.39404867],[0.6 0.4]
Co3+,Au3+,[1.36754553],[0.6 0.4]
Ni2+,Au3+,[1.33626661],[0.6 0.4]
Pd4+,Ag1+,[1.33022893],[0.6 0.4]
Ag1+,Os4+,[1.30008984],[0.6 0.4]
Fe3+,Au3+,[1.29687695],[0.6 0.4]
Au3+,Tl1+,[1.29490889],[0.6 0.4]
In3+,Au3+,[1.26245595],[0.6 0.4]
Pd4+,Au3+,[1.25586929],[0.6 0.4]
Rh3+,Os4+,[1.2479964],[0.6 0.4]
Ir3+,Au3+,[1.24491086],[0.6 0.4]
Ag1+,Au3+,[1.21666777],[0.6 0.4]
Rh3+,Ir3+,[1.20730378],[0.6 0.4]
Ag1+,Ir3+,[1.19768569],[0.6 0.4]
Ag1+,Pt2+,[1.19353885],[0.6 0.4]
Os4+,Au3+,[1.19337976],[0.6 0.4]
Ru3+,Ir3+,[1.18726891],[0.6 0.4]
Cd2+,W6+,[1.17074815],[0.6 0.4]
Rh3+,Au3+,[1.1665574],[0.6 0.4]
Os4+,Ir3+,[1.13592643],[0.6 0.4]
Pt2+,Au3+,[1.09828116],[0.6 0.4]
Zn2+,W6+,[1.09308363],[0.6 0.4]
Ru3+,Au3+,[1.05108037],[0.6 0.4]
Rh3+,Pt2+,[0.98804451],[0.6 0.4]
Ir3+,Pt2+,[0.74107591],[0.6 0.4]
